药品中文名称,药品商品名称
注射用抗乙型肝炎转移因子,奥肝肽
小儿电解质补给注射液,唐纳
肝速康胶囊,干舒乐
联苯苄唑涂膜,列合素
辅酶Q10氯化钠注射液,合夫
盐酸布替萘芬喷剂,特利达
氧氟沙星葡萄糖注射液,普光
醋酸地塞米松粘贴片,意可贴
还原型谷胱甘肽滴眼液,天亿
头孢羟氨苄分散片,来斯/赛复喜
阿维A胶囊,方希
桉柠蒎肠溶软胶囊,切诺
三苯双脒肠溶片,力卓
注射用头孢拉定,泛捷复
盐酸地尔硫缓释胶囊,艾克朗
头孢氨苄干混悬剂,贝盾
注射用哌拉西林钠他唑巴坦钠,邦达/海他欣/锋泰灵/凯伦
注射用重组人白介素-2,德路生/因特康/辛洛尔/远策欣
盐酸丙哌维林片,培宁/贺尔舒/华克
氨苄青霉素/丙磺舒胶囊,艾罗迪
磷酸川芎嗪氯化钠注射液,滨雨/维利斯达/杰力平/长富维秦
硫酸妥布霉素氯化钠注射液,泰托
左氧氟沙星葡萄糖注射液,齐斯丁
富马酸酮替芬分散片,瑞那替
盐酸达克罗宁胶浆,达己苏
加替沙星眼用凝胶,迪友
头孢克肟片,严逸/司力捷/世福素/康哌/君特/奥德宁/誉舒/新福素/安的克威
丁苯酞软胶囊,恩必普
碳酸钙咀嚼片,纳诺卡/凯思立
单硝酸异山梨酯缓释胶囊(I),再晟
结核分枝杆菌抗体(IgG)检测试剂盒(酶联免疫法),赛普克
吲达帕胺缓释胶囊,悦南珊/雅荣
酮洛芬缓释胶囊,散斯腾/奥丁尼/维康利/琪和
盐酸齐拉西酮胶囊,思贝格
单硝酸异山梨酯喷雾剂,达芬舒吉
肝素钙注射液,凯瑞
盐酸喹那普利片,益恒
流行性感冒裂解疫苗,英扶宁
盐酸乙哌立松颗粒,贝格斯
羟乙基淀粉(200/0.5)氯化钠注射液,盈源
酚麻美敏颗粒,泰诺
注射用更昔洛韦钠,荷普欣/林可宏
呱西替柳干混悬剂,索迪菲
奥硝唑片,圣诺安/衡博来/傲宁/潇然
盐酸川芎嗪氯化钠注射液,济复德/迈卡希/迈克达/络达秦/联邦力迈秦/长富络达/天泉川舒/迈可达/利欣达/麦咯嗪/欣诺康/齐嗪/川信
阿司匹林维生素C咀嚼片,达维平
环酯红霉素片,冠沙
丁香罗勒油乳膏,乐乐
注射用因卡膦酸二钠,茵福
硫酸钡混悬液,倍颖
氨麻苯美片,白加黑
盐酸咪达普利片,达爽
双唑泰软膏,山庆
冻干人凝血酶,舒平莱士
甲磺酸酚妥拉明分散片,美珍
盐酸丁咯地尔片,赛莱乐/绪络菱/前通/意速/司米康/安思孚利/世多泰
富马酸氯马斯汀胶囊,浪静
酪酸梭菌活菌胶囊,米桑/阿泰宁
别嘌醇缓释片,易达通
盐酸乙哌立松片,宜宇/贝格斯/妙纳
拉呋替丁片,卫斯大/顺儒/诺非
注射用头孢哌酮钠他唑巴坦钠,仙必他/凯斯
来氟米特片,优通/赫派/妥抒/爱若华/关平
氯诺昔康片,正庭/达路
注射用果糖,星雅
溴甲贝那替秦片,益尔宁
布洛芬缓释胶囊,泰宝
氟尿嘧啶植入剂,中人氟安
卡介菌多糖核酸注射液,卡舒宁/斯奇康
复方参芪维E胶囊,苏乐康
强力枇杷露,WS3-B-0442-90
双氯芬酸二乙胺乳胶剂,扶他林
扑尔伪麻片,乐菲
乳酸左氧氟沙星胶囊,达芬泰星/汇瑞克
吗啡检测试纸条(胶体金法),摩克
盐酸黄酮哌酯胶囊,贝斯清
西沙必利胶囊,格瑞西/怡瑞/必纳维
苏菲咳糖浆,WS3-B-2521-97
注射用酒石酸美托洛尔,均青/蒙得康
注射用甲磺酸加替沙星,瑞达信/奥维美
雷贝拉唑钠肠溶胶囊,济诺/雨田青
盐酸非索非那定片,赛乐西/瑞菲/毕馨/敏杰/莱多菲
阿莫西林舒巴坦匹酯片,悉林
维生素C葡萄糖注射液,达维欣
丙硫氧嘧啶肠溶胶囊,敖康欣
牛痘疫苗致炎兔皮提取物注射液,恩再适
阿莫西林克拉维酸钾干混悬剂(14:1),安奇
酒石酸布托啡诺注射液,诺扬
注射用瑞替普酶,派通欣
注射用盐酸尼卡地平,阿法多欣
苯酰甲硝唑干混悬剂,慧和
克林霉素磷酸酯注射液,力派/特丽仙/天方力泰
盐酸羟甲唑啉滴眼液,迪立托/风朗
甲磺酸酚妥拉明颗粒,赫立可
盐酸氟西汀片,开克
米非司酮片,弗乃尔/司米安/后定诺/息隐/含珠停
注射用曲克芦丁,路丁诺/质力/朗宁/欣畅福/易曲善/太韦盛/安体维乐/盖曲/布络威欣/林源络克/尤尼平/迪维欣/博士多宁/元汀/禾通/卫起汀/布瑞金
布洛芬口腔崩解片,倍芬/欣荻芬
巴柳氮钠片,贝乐司
注射用盐酸奈福泮,弘康威司
奥硝唑分散片,泰方/固特
氨苯伪麻片,尼克
茴三硫片,正瑞
氯霉素滴眼液,润舒
腺苷注射液,艾文
他扎罗汀凝胶,乐为/炔维
外用重组牛碱性成纤维细胞生长因子,见林/贝复济
头孢克洛缓释片,帅先/施华洛/希优洛/新达罗
尼美舒利缓释胶囊,诺正
单硝酸异山梨酯注射液,欣康/格芬达/开韦夫/舒亚/艾麦舒
头孢羟氨苄片,欧意/力欣奇
特非那定分散片,敏安芬
非那雄胺胶囊,隆通/多晒/利尔泉/意安林/士怡/孚列/亦通
美羧伪麻颗粒,邦奥舒
冻干甲型肝炎减毒活疫苗,海威克/维赛瑞吉
地红霉素肠溶胶囊,路迪/罗可辛/怡力昕/奇立妥/迪红
盐酸奈福泮葡萄糖注射液,福卢可
盐酸氟桂利嗪片,孚瑞尔
阿莫西林克拉维酸钾(7:1)分散片,胜艾
注射用奥美拉唑钠,洛赛克/洛凯/奥克
盐酸特比萘芬凝胶,顺峰康宁
赖诺普利胶囊,帝益洛/益迈欧
甲胎蛋白放射免疫分析药盒,甲胎蛋白放射免疫分析药盒
注射用肌苷,安琪米瑞/普辅/奇方能/迪力/卫每加
双氯芬酸钠缓释片(IV),迪克乐克
注射用法莫替丁,立复丁
硝苯地平注射液,源孚
丙酸氯倍他索软膏,恩肤霜
注射用重组人白细胞介素-2,英路因/辛洛尔/欧耐特/金路康/安捷素/悦康仙
双氯芬酸钠利多卡因注射液,毓罗纾
注射用硫酸镁,天甲元
注射用头孢他啶,安塞定/新天欣
阿昔洛韦葡萄糖注射液,唯甲/清林/和谷/邦纳/注力/中宝韦平/佑康/强尼/得尔力伟/韦信
长春胺缓释胶囊,奥勃兰
盐酸特比萘芬软膏,丁克
吸附百日咳、白喉、破伤风、乙型肝炎联合疫苗,武生益泰
氯化钾缓释片,补达秀
注射用重组人尿激酶原,普佑克
枸橼酸铋钾胶囊,丽珠得乐
肝素钠乳膏,美得喜/海普林
司帕沙星分散片,朗瑞
甲磺酸氨氯地平片,欣络平
倍他胡萝卜素软胶囊,克瑞特
萘哌地尔胶囊,格瑞佳/疏尔
盐酸昂丹司琼氯化钠注射液,地力昕/维泽/路维森/益舒宁/安斯欣/恩复德/恩诺平
盐酸罗格列酮片,耐迪/维戈洛/圣敏/宜力喜
吡罗昔康凝胶,络林/洛尔定/基克
盐酸吡格列酮片,艾可拓/可成/凯宝维元/欧迪贝/安可妥/卡司平/列洛/艾汀
盐酸倍他司汀口服液,西其汀
奥美沙坦酯片,傲坦/兰沙
萘丁美酮干混悬剂,力道/弘旭来
静注人免疫球蛋白(pH4),蓉生静丙
富马酸比索洛尔片,博苏
双氯芬酸钠滴眼液,辰景
二甲双胍格列本脲胶囊(I),齐亭/格爽/兆威
西咪替丁口服乳,阿立维
促黄体激素诊断试剂(胶体金法),艾宝
低精蛋白锌胰岛素注射液,万苏林
重组人粒细胞刺激因子注射液,立生素/白特喜/洁欣/惠尔血/金磊赛强/欣粒生/赛格力/吉粒芬/瑞白/吉赛欣/瑞血新/保力津
更昔洛韦钠氯化钠注射液,维如
头孢泊肟酯分散片,加博
羟乙基淀粉200/0.5氯化钠注射液,贺斯
联苯苄唑栓,孚康
格列齐特缓释片,达美康
醋氯芬酸肠溶片,维朴芬/济力达/爱芬
磷酸苯丙哌林分散片,法思特
乌拉地尔氯化钠注射液,捷平
利福平注射液,舒兰新
盐酸万乃洛韦片,丽珠威
氨酚伪麻那敏泡腾颗粒,感丹
莫匹罗星软膏,百多邦
阿昔洛韦颗粒,葆珍康
拉西地平片,司乐平
乳酸加替沙星葡萄糖注射液,佳利克
埃索美拉唑镁肠溶片,耐信
长春西汀片,多力康
铝碳酸镁咀嚼片,泰尔赛克/海地特
卡络磺钠氯化钠注射液,乐止纳/格丹/纳能
洛伐他汀分散片,艾乐汀
注射用谷氨酸钾,卫甲
吡拉西坦葡萄糖注射液,坦复/斯必克/益安诺/通坦康/康灵/路思齐/迈恩希/庆达/真昔
司他夫定散,沙之
富马酸氯马斯汀片,斯诺平
双价肾综合征出血热灭活疫苗,汉必威 (HaBiVa)
硝酸异山梨酯喷雾剂,培欣
胆维丁乳,英康利
脾氨肽口服冻干粉,复可托
乳酸诺氟沙星注射液,路新安
蜡样芽孢杆菌活菌胶囊,源首
异丁司特缓释胶囊,维畅
注射用头孢替唑钠,特子社复/益替欣
注射用他唑巴坦钠/哌拉西林钠,安迪泰/康得力
烟酸缓释片,本悦/高兹克/天新爽
甲泼尼龙片,尤金
复方甲氧那明胶囊,阿斯美/克之/诺尔彤
注射用帕米膦酸二钠,博宁
洛伐他汀胶囊,苏欣/俊宁/都乐/苏尔清
乳酸亚铁胶囊,尤尼雪
卡前列甲酯栓,卡孕
单硝酸异山梨酯片,欣康/艾复咛/爱欣莫尔/伊索曼/欣泰/欣乐
绿脓杆菌制剂,绿慕安
糠酸莫米松乳膏,艾洛松/芙美松
枯草杆菌二联活菌肠溶胶囊,美常安
红色诺卡氏菌细胞壁骨架制剂,纳可佳
依达拉奉注射液,必存/易达生
注射用已酮可可碱,尼扶平
甘草酸二铵葡萄糖注射液,甘利欣
氯化钠滴眼液,艾那多
布洛芬缓释片,怡芬宁/抚尔达
盐酸丁咯地尔口服溶液,欣智明
十一酸睾酮注射液,思特珑
双氯芬酸钾栓,普他宁
注射用盐酸纳洛酮,欣浦澳/纳乐枢/健天能/富尔欣/赛先
艾瑞昔布片,恒扬
鲑鱼降钙素喷鼻剂,金尔力/达芬盖
法莫替丁氯化钠注射液,天泉维欣/丁缓/朵颐/滨欣/唯天/捷可达
注射用乙酰谷酰胺,万欣能/萨尼卡/隆格先/艾森澳/胜迪/迪依/力枢康/诺安平/赛普利尔/奇势/涵雪/健意/诺依/妙司宁/扶奥/奥立喜/均达柯/康帕斯/意清/赫迪新/尤尼生/讯博/路斯开/海盟愈/龙胜泰/苏忆宁
布地奈德气雾剂,吉舒
左羟丙哌嗪含片,及舒
注射用乳糖酸阿奇霉素,齐隆迈/抗力健/安美钦/齐宏/里奇/孚新/其仙/齐诺
苦参素氯化钠注射液,甘新/赛辰/恒迈/派蒙/雅森/塞奇松/博卡莱/丹盛/索帮/兰信/艾林泰/中宝叶宁/甘易/木芙欣/酝生/迪凌
益肾乌发口服液,Yishen Wufa Koufuye
复方硫酸沙丁胺醇气雾剂,仁舒
硫酸庆大霉素氯化钠注射液,杰力泰
葡萄糖酸镁颗粒,包乐
注射用甲硝唑,威迪乐
美愈伪麻颗粒,诺镇
中/长链脂肪乳注射液(C6～24),力能
双分伪麻胶囊,双达/使力克
口服酪酸梭菌、双歧杆菌二联活菌胶囊,常乐康
注射用骨瓜提取物,益古泰/迪可安
二甲双胍格列本脲胶囊(Ⅱ),普乐康尼/可麦宁
注射用盐酸溴己新,傲群/普尼克斯/伏枝/赫克迪思
盐酸伐昔洛韦片,明竹欣
注射用甘草酸二铵,艾扶必/泰卡/信尔洛/知甘保/甘若纳/甘利欣/甘贝利/开希莱/明择/虞庐安/普甘静/振力幸/维恒/代特/卓方/卫丁/福罗欣/丹薇/海康欣/永邦/喜心生
利凡诺软膏,彼芬
乙酰半胱氨酸注射液,阿思欣泰
那敏伪麻胶囊,斯卫尔
亚叶酸钙注射液,同奥/法益宁
阿莫西林双氯西林钠胶囊,凯力达
盐酸曲马多片,奇迈特
盐酸奥昔布宁片,爽妙/奥宁
氨麻美明分散片,新菲
硒酵母混悬液,富希康
膦甲酸钠葡萄糖注射液,卡奈信
复方磷酸可待因片,斯力帮
氟吗西尼注射液,莱意
对乙酰氨基酚混悬液,泰诺林
对乙酰氨基酚片,必理通
甲型H1N1流感病毒裂解疫苗,盼尔来福.1(PANFLU.1)
克拉维酸钾/羟氨苄青霉素(1:2)颗粒剂,维安可欣
果糖注射液,护川/韦贝仙/普利康/丰海能
酒石酸溴莫尼定滴眼液,沐欣
甲硝唑口腔粘贴片,麦斯特
柳氮磺吡啶肠溶片,维柳芬
盐酸环丙沙星凝胶,达维邦
替哨唑片,凯服新
氟氯西林钠颗粒,昆特
盐酸左西替利嗪片,迪皿/西可新/齐平/强溢
洛芬待因缓释片,思为普
醋酸甲羟孕酮分散片,倍恩/曼普斯同
对乙酰氨基酚咀嚼片,百服咛/爱森
加替沙星滴眼液,祝宁
盐酸二甲双胍胶囊,三肖平
吲哚布芬片,辛贝
鬼臼毒素酊,尤脱欣
蛇毒血凝酶注射液,速乐涓
重组人血小板生成素注射液,特比澳
盐酸吡格列酮口腔崩解片,佳普喜
阿司可咖胶囊,柯克
盐酸克林霉素葡萄糖注射液,旭洛
苯酰甲硝唑分散片,艾迪/乐易扶
甲砜霉素颗粒,赛美欣
普伐他汀钠片,美百乐镇/福他宁/浦惠旨/普拉固/富利他之
注射用N(2)-L-丙氨酰-L-谷氨酰胺,培尔吉
尼美舒利颗粒剂,锐丽
富马酸酮替芬鼻腔喷雾剂,同芬
奥扎格雷钠氯化钠注射液,泰亚普昔/齐铭雷奥/丽邦/奥辛康/赐禾盈
吉非罗齐胶囊,洛平/常衡林/维绛知
葡萄糖酸锌鼻用喷雾剂,星瑞灵
尼美舒利颗粒,赛扑达/普菲特/茂欣/瑞芝清/孚美舒
酚麻美敏咀嚼片,泰诺
口服蜡样芽孢杆菌活菌制剂,乐腹康
双氯芬酸钠肠溶胶囊,非言
炎琥宁氯化钠注射液,先力康/奥柔拉/喀吗哆/惠荃霖
细胞色素C肠溶片,赛托
盐酸坦洛新缓释片,积大本特
注射用硫酸卷曲霉素,海普美欣
硼酸洗液,殷泰
促黄体激素(LH)胶体金试纸条,乐夫
单硝酸异山梨酯缓释胶囊(Ⅱ),德瑞宁
蒙脱石混悬液,立榭
盐酸二甲双胍缓释片,都乐宁/瑞久/倍顺/麦克罗辛/唐必呋/降力舒/亿恒/维尔唐/众氏得/津真型/泰白/齐佶/圣邦杰/瑞诺舒/唐坦/卜可/弘飞康/德艾欣/力乐尔/悦达宁/麦特美/仁欣/名诺/唐格/清旷/欣唐屏
甲巯咪唑软膏,佳琪亚
脑蛋白水解物注射液,奥利达/丽珠赛乐/必瑞克
头孢羟氨苄颗粒,欧意/毅达
氨酚氯汀伪麻片,丰莱
单硝酸异山梨酯氯化钠注射液,欣康/安兰舒/诺可达/孚顺/格芬达/华仁欣舒/丹佐
乌司他丁注射液,天普洛安
诺氟沙星软膏,艾立克
盐酸阿扎司琼片,万唯
去甲斑蝥素片,利佳
氨酚伪麻美芬片,日夜百服咛
重组人粒细胞集落刺激因子注射液,白特喜/津恤力/泉升/里亚金/特尔津/瑞白
西地磷酸苯丙哌林泡腾片,山清
奥硝唑胶囊,奥博林/齐克
乌拉地尔缓释胶囊,裕优定
混合糖电解质注射液,新海能
注射用二乙酰氨乙酸乙二胺,奥立宁/得特康拜/绪健/瀚施新/锋乐/奥天源/达止苏/艾可芷/琪瑞弘远/隆欣宁/力杜卡宁/虹伊宁/艾思替尔/维每/尤尼泽/速尼/苏芷/固止
环磷腺苷氯化钠注射液,柏灵
双氯芬酸钠搽剂,瑞培恩
盐酸赖氨酸葡萄糖注射液,包林/泰迪特/泰利星/君傲/思弗提/慈星/路维彤
异维A酸胶丸,泰尔丝
卡马西平片,得理多
复方甘草酸单铵S葡萄糖注射液,甘维欣/若菁
佐米曲普坦片,枢复来/卡曲/帝宁/天疏/托肤宁/恒力安
注射用盐酸拓扑替康,金喜素
乳酸左氧氟沙星氯化钠注射液,来立信
格列吡嗪缓释胶囊,麦林格/唐贝克
注射用二羟丙茶碱,阿圣诺奇
硝酸咪康唑乳膏,达克宁
甘氨酸茶碱钠胶囊,延尔
复方单硝酸异山梨酯缓释片,滋霖/佳伊可/利力凯/司悦
乙酰谷酰胺氯化钠注射液,宜信/瑞可安/土尔/帅宁/劲截纾/康达利存/艾鲁那/干芬/天醒/慧乐
盐酸溴己新葡萄糖注射液,赛维
注射用盐酸二甲弗林,菲而/林迈欣
双氯芬酸钾凝胶,久宁/迪普/毕斯福
顺铂氯化钠注射液,益久博/金顺
左羟丙哌嗪胶囊,及舒/尚青
高渗氯化钠羟乙基淀粉40注射液,霍姆
厄贝沙坦分散片,欣平
泮托拉唑钠肠溶胶囊,健朗晨/泮立苏
盐酸普萘洛尔缓释胶囊,杭达来
辛伐他汀分散片,辛可
左炔诺孕酮片,毓婷/安婷/惠婷
劳拉西泮片,佳普乐/乐拉安
碳酸钙泡腾颗粒,固元
盐酸赛洛唑啉滴鼻液,天诚诺尔
扎莱普隆胶囊,思每
注射用阿莫西林钠,益萨林
注射用重组人干扰素α2b(酵母),万复因
氨酚伪麻美芬片Ⅲ,立林
醋酸甲地孕酮分散片,佳迪/曼婷/宜利治/艾诺克
注射用多索茶碱,朗铭/健方能/益索/喜思诺/索利安
注射用甲泼尼龙琥珀酸钠,米乐松
穿心莲胶囊,不使用商品名称
外用冻干重组人酸性成纤维细胞生长因子,艾夫吉夫
萘普生钠伪麻黄碱缓释片,高迪/普森欧克
甲磺酸多拉司琼注射液,立必复
盐酸多西环素分散片,多迪
氯沙坦钾氢氯噻嗪片,海捷亚
人纤维蛋白粘合剂,赛纶
腺苷注射液(供诊断用),艾朵
草分枝杆菌F.U.36注射液,乌体林斯
复方磺胺甲噁唑分散片,诺达明/玉安立清/诺德菲/欧林
苯磺酸左旋氨氯地平片,施慧达
单硝酸异山梨酯缓释胶囊(Ⅲ),艾欣/艾狄莫尼
利福昔明片,欧克双/抚特/萨芬/及利晴/邦益
盐酸洛美沙星乳膏,哥台/吉平
爱普列特片,川流
奥硝唑阴道泡腾片,圣诺康
盐酸阿米洛利片,必达疏
甘草酸二铵胶囊,甘利欣
阿昔洛韦咀嚼片,邦纳
硝酸异山梨酯葡萄糖注射液,威信好欣/众生瑞欣/狄欣尼/易舒达/灵欣/凯慰欣/普辛清/尔复新/欣荷平
低分子肝素钙注射液,赛博利
抗精子抗体检测试剂盒(混合抗球蛋白凝集法),安思宝
脂溶性维生素注射液(Ⅰ),维他利匹特
阿莫西林分散片,再林
阿米三嗪萝巴新片,都可喜
马来酸多潘立酮片,优玛琳
注射用烟酸,舒成
尼莫地平注射液,尼立苏/济立
盐酸安非他酮片,乐孚亭
盐酸环丙沙星栓,曼舒林/坤宁
巴洛沙星片,天统/恒捷
阿莫西林克拉维酸钾分散片(14:1),安奇
马吲哚片,美新达
阿法骨化醇软胶囊,延迪诺/法能
盐酸氟桂利嗪口服溶液,花欣
甲磺酸加替沙星注射液,奥广先
美愈伪麻口服溶液,阿贝赛/雷登泰/交泰
泮托拉唑钠肠溶片,泰美尼克片/泰美尼克
注射用鹿瓜多肽,绵舒
美扑伪麻片,立林
氯雷他定咀嚼片,海王抒瑞
盐酸西替利嗪分散片,喜宁
重组人组织型纤溶酶原激酶衍生物,瑞通立
盐酸维拉帕米缓释片,盖衡
盐酸阿扎司琼注射液,坦斯克/欧立康定/万唯
注射用重组人细胞白介素-2(125Ser),英特康欣
棕榈哌泊塞嗪注射液,尼蒙舒
帕米膦酸二钠葡萄糖注射液,仁怡
注射用草乌甲素,凯瑶
葡萄糖酸钙颗粒剂,弘泰
格列美脲胶囊,唐弗/普仁平
重组人干扰素α2b喷雾剂(假单胞菌),捷抚
盐酸特拉唑嗪胶囊,可派/均益/悦克/罗迪尔/派速/泰乐/欧得曼/正舒
环吡酮胺乳膏,赛洁/环利
氧氟沙星甘露醇注射液,浩特
罗红霉素颗粒,力弗/爱罗欣/奥格申/乐喜清
注射用氨磷汀,天地达/安福定
氟罗沙星注射液,洛菲/四通佗罗/芙璐星/邦来立欣/福路新/护康/诺尔
盐酸尼卡地平氯化钠注射液,欣舒力达
马来酸依那普利片,勤可息/因弗尔/怡那林/依苏
人纤维蛋白胶配套药盒,赛纶
注射用盐酸罂粟碱,盖一/阔舒/福虹
阿那曲唑片,艾达/瑞婷/瑞斯意
注射用盐酸伊达比星,艾诺宁/善唯达
盐酸多奈哌齐片,安理申/阿瑞斯/诺冲/扶斯克/思博海
奥沙普秦片,诺德伦
硝酸咪康唑凝胶剂,乐蔚
盐酸地尔硫卓控释胶囊,芊克
单硝酸异山梨酯缓释片,延诺信/富欣恬/欣康/索尼特/晋新泰/再佳/易欣建/艾同
盐酸布替萘芬凝胶,嘉瑞
磷酸可待因缓释片,尼柯康
氯霉素耳栓,舒尔
酒石酸美托洛尔缓释片,托西尔康/倍他乐克
伊曲康唑胶囊,易启康/斯皮仁诺/美扶
复方丙酸氯倍他索软膏,金纽尔
复方头孢克洛片,毕利
沙丁胺醇气雾剂,万托林
复方右旋糖酐40注射液,绅水清/福他乐
扎来普隆片,瑞晨/思威坦/惠宁/百介民
硫酸羟氯喹片,纷乐
依帕司他片,唐林/伊衡
齐多夫定注射液,伟诺/久利
塞克硝唑片,沙巴克/赛他乐/信爽/西尼迪
阿司匹林双嘧达莫缓释胶囊,恒宜/赛同/德力舒/斯纳格
沙丁胺醇口腔崩解片,伉尔纾宁
阿莫西林克拉维酸钾分散片(2∶1),尤林加
转化糖注射液,耐能/英凡舒
氟比洛芬酯注射液,凯纷
硝苯地平控释片,欣然
盐酸洛美沙星氯化钠注射液,喹泰/中宝洛泰/多龙/贝洛特/孚悦
多索茶碱氯化钠注射液,安赛玛
单硝酸异山梨酯胶囊,力唯/山苏
阿奇霉素葡萄糖注射液,特立欣/利力欣/露家康/林比/克琳达/中宝奇力/普贺/滨齐/克严力/利可思/西乐欣/弗奇/派扶/依诺达/利力凯/维宗/通泰奇力/宾奇
蒙脱石散,思密达/司迈特/思克特/必奇
酞丁安搽剂,华太
小牛血清去蛋白注射液,奥德金
氨酚伪麻那敏片(Ⅱ),苏畅
注射用头孢唑肟钠,益保世灵
注射用盐酸多沙普仑,泽仑/代尔松
红棉散,红棉散
氨酚曲麻片,联邦菲迪乐
盐酸雷尼替丁泡腾片,德特利尔
氨酚氯雷伪麻缓释片,金得菲
酚麻美敏胶囊,恺诺/使力克
特酚伪麻片,丽珠感乐
曲安西龙片,阿赛松
注射用丁溴东莨菪碱,甘美多兰
盐酸雷尼替丁咀嚼片,津卫和
昔萘酸沙美特罗气雾剂,司多米/祺泰
美酚伪麻片,丽珠刻乐
马来酸右旋噻吗洛尔滴眼液,迪立见
重组人促红素注射液(CHO细胞),依普定/雪达升/环尔博/依倍/济脉欣/利血宝/赛博尔
格列齐特片,达尔得
愈酚伪麻待因口服溶液,联力克
克拉霉素颗粒,昂克/申迈奇/路仙同/匹刻/福可星/安吉尔舒/圣诺得/艾尔贝/开迈/克尼邦/奈尔/百红优
胰激肽原酶肠溶片,怡开
注射用阿奇霉素磷酸二氢钠,亦欧青
外科用冻干人纤维蛋白胶,康普欣
硝酸异山梨酯气雾剂,欣舒
注射用香菇多糖,天地欣
羟苯磺酸钙片,利倍思
马洛替酯乳剂,辛益甘
氟康唑胶囊,扶达/麦尼芬/大扶康/三维康/护齐
氨酪酸氯化钠注射液,卢必安/亿辉洛/常瑞/拓泰/慧友/图图/丽生贝芬/竹中欣
磷酸奥司他韦颗粒,可威
盐酸加替沙星氯化钠注射液,来佳
复方盐酸利多卡因注射液,克泽普
盐酸奥昔布宁胶囊,捷赛
喉痛灵片,音力
注射用美洛西林钠,力扬
注射用盐酸克林霉素,力邦特/卓力/博士多他/尤尼灵/欣普风/沁林/克宿/美迪星
非那雄胺片,如川(英文商品名:Finatra)/千诺林/星保/易优瑞欣/先立晓/立同/卡波/奎安/葆利安/恬舒新/康列苏/普洛平/前力欣/逸舒升/合舒/艾仕列/沥舒/司君宜/浦列安/吉优/蓝乐
聚维酮碘凝胶,黛卫
螺旋霉素胶囊,伊诺欣
甲磺酸培氟沙星胶囊,威力克
奥扎格雷钠注射液,洲邦/晴尔
曲安奈德鼻喷雾剂,星瑞克
吗氯贝胺胶囊,贝苏
氨来呫诺糊剂,福瑞斯/西抒迈
注射用盐酸头孢替安,锋替新/萨兰欣
注射用门冬氨酸阿奇霉素,博抗
头孢丙烯干混悬剂,希能/施复捷
阿莫西林克拉维酸钾咀嚼片(7:1),健澳
盐酸地尔硫卓缓释胶囊,艾克朗/奥的镇
水杨酸二乙胺软膏,多瑞
斑蝥素乳膏,尤斯洛
马来酸桂哌齐特注射液,克林澳
盐酸罗格列酮胶囊,奥洛华
注射用盐酸雷尼替丁,艾克汀/艾可谓/九奥/依真慷/奇迪
双歧杆菌乳杆菌三联活菌片,金双歧
头孢呋辛酯片,巴欣/司佩定/达力新/伏乐新/瑞呋欣/希路信
注射用头孢呋辛钠,立健新/凯帝欣/嘉诺欣/亚星/金茂/澳舒/信立欣/达力新/伏乐新/丽扶欣/优乐新/瑞呋欣/欣路信/新福欣/派威欣
枸橼酸他莫昔芬口服溶液,德孚伶
去羟肌苷颗粒,哈特
注射用盐酸维拉帕米,巴平特佳
醋酸甲地孕酮胶囊,佳迪/爱克
复方雷尼替丁胶囊,格来士
富马酸比索洛尔胶囊,洛雅/荣宁/安适
对乙酰氨基酚干混悬剂,宜利妙/施宁
注射用葛根素,安欣达/赛弗/麦普宁/布瑞宁/迈塞克
甲磺酸托烷司琼片,舒欧亭
甲磺酸培氟沙星注射液,维宁佳
复方可待因口服溶液,泰洛其
复方葡萄糖酸钙口服溶液,佳加盖
西洛他唑片,培达
恩曲他滨片,惠尔丁
硝酸毛果芸香碱滴眼液,真瑞
替莫唑胺胶囊,蒂清
厄贝沙坦氢氯噻嗪胶囊,安利博
苦参素软胶囊,沃森干泰
茶苯海明含片,贻晗柠
纳米炭混悬注射液,卡纳琳
结核分支杆菌抗原检测试剂盒(胶体金法),凯必利
阿莫西林克拉维酸钾分散片(4:1),特迪/毕林
盐酸克林霉素棕榈酸酯干混悬剂,舍悦
注射用盐酸表柔比星,艾达生/法玛新
盐酸加替沙星注射液,英佳
盐酸雷洛昔芬片,贝邦
头孢克肟胶囊,再握/汉光妥/世福素/久邦/特普宁/青可奕/克沃莎/勤克沃/新福素/汇新沙/欧健/士瑞克/达力芬/琪安
多索茶碱注射液,安赛玛/枢维新
盐酸特比萘芬散,丁克
马来酸曲美布汀片,援生力维/舒丽启能/诺为/双迪
甲磺酸加替沙星胶囊,恬信/格岚亭/加力宁
复方依那普利片,依双
甲苯磺酸妥舒沙星片,诺力思/赐尔泰
注射用乳酸环丙沙星,佳可/广易沙
布洛芬泡腾片,芬克
氢溴酸加兰他敏分散片,施维宝/易优利宁
利巴韦林胶囊,维拉克
塞克硝唑胶囊,优克欣
氟康唑滴眼液,静达/Fukangzuo Diyanye
阿司匹林肠溶缓释片,介宁
氟伐他汀钠胶囊,来适可
重组牛碱性成纤维细胞生长因子眼用凝胶,贝复舒
牛磺酸颗粒,泰瑞宁
氨酚伪麻美芬片Ⅱ,白加黑
盐酸哌罗匹隆片,康尔汀
司他夫定胶囊,艾复定/沙之/欣复达
盐酸林可霉素葡萄糖注射液,护谷
复方维生素B12溶液,贯新克
注射用阿昔洛韦,丽科欣
森林脑炎灭活疫苗,森泰保
依普黄酮片,信依生/固苏桉
布洛伪麻分散片,托安/伯舒
氨麻美敏胶囊(Ⅱ),日理达
甲钴胺胶囊,悦敏兴/洛唐/乐亢/弥尔神/曲力/奇信
阿莫西林克拉维酸钾干混悬剂(7:1),金力舒/铿锵/舒仙琳
西洛他唑胶囊,斯特里普/邦平/希络
棓丙酯注射液,学稀通/柏力维可/馨舒/和悦/可遇昕/天夏初/金丙旨/抚弘/百科洛克/港通/莱珎幸/远浪/允欣/美特鲁/翰施通/蓓隆/润祺/亿得/迪尔希康/君菏/尤尼立/舒窗/元畅/艾索舒/络闩昕/海合杏
脂溶性维生素注射液(Ⅱ),维他利匹特
盐酸格拉司琼氯化钠注射液,巴泰/图婷/唯坤/凌顶/莱琪/百宏/洁丹/润丹/大生欣尔/中宝伊格/东宝欧可宁/新革
盐酸赖氨酸氯化钠注射液,彼洛彤/普乐康/舒朗
注射用卡托普利,安汀/邦德美
注射用尖吻蝮蛇血凝酶,苏灵
地红霉素肠溶片,平立达/派盛/严尽/域大/迪迈欣
酒石酸布托啡诺鼻喷剂,诺扬
氨酚双氢可待因片,路盖克
乌拉地尔葡萄糖注射液,捷通
丙氨酰谷氨酰胺注射液,力太
舍雷肽酶片,达先
法莫替丁分散片,道安/凯速特
盐酸仑氨西林片,珍欣
盐酸洛美沙星片,喹泰/欣立威/维普/乐贝新/奇洛先
注射用葡醛酸钠,奇谷乐/休孚/尤尼凯/唯每乐
十维铁咀嚼片,铁龙
卡维地洛片,枢衡/康达欣/克为德/瑞欣乐/络德/卓异/金络/妥尔
倍他胡萝卜素胶囊,贝西迪
格列本脲二甲双胍片(1.25/250),双利
美洛昔康胶囊,麦安/塞欧斯/斯莱美/统克/洛珂/米诺希/安立青/吾琰
可待因桔梗片,西可奇
甲硝唑棒,牙康
注射用重组葡激酶,施爱克/依力通
乙酰吉他霉素胶囊,万佶
盐酸曲马多氯化钠注射液,西利西蒙/区明/宜邦/华曲/冰宁/通亭/华捷威/乐施普康
阿昔洛韦片,丽科平/圣诺韦/康达威
甲磺酸左氧氟沙星氯化钠注射液,利复星
盐酸雷尼替丁胶囊,善得康/兰百幸
美敏伪麻咀嚼片,双甲
头孢克肟颗粒,再握/世福素/特普宁/新福素/达力芬
氨麻美敏片Ⅱ,日夜百服咛
那氟沙星乳膏,欣可菲/萍敷
萘普生缓释胶囊,适洛特
注射用奈达铂,捷佰舒/奥先达/泉铂/鲁贝
消旋卡多曲片,莫尼卡
多索茶碱片,安赛玛/新茜平/枢维新
盐酸班布特罗口服溶液,帮备
阿奇霉素软胶囊,奇谷美/八奇
葡萄糖酸氯己定含漱液,雅诺
苯酰甲硝唑胶囊,佳乐宁
阿奇霉素注射液,芙琦星/开奇
小儿多维生素滴剂(9),小施尔康
硝苯地平片,久保卡迪
石杉碱甲胶囊,亮邦/富伯信/诺苏林
盐酸多萘哌齐滴丸,方清
藻酸双酯钠氯化钠注射液,恒平/斯唯博/海鑫/唯易
丙酸氟替卡松气雾剂,辅舒酮
聚乙二醇4000散剂,长松
甲苯磺酸舒他西林胶囊,垠舒
乙酰麦迪霉素颗粒,美加欣
螺内酯片,使尔通
注射用抑肽酶,赫泰林
头孢氨苄泡腾片,福林
尼莫地平缓释片,尔平/易夫林
氨麻美敏片(Ⅲ),新帕尔克
注射用环磷腺苷葡胺,环琳康/凯缌/尤尼清/苏安/希麦舒/元杰/扶信/万扶
醋酸甲地孕酮软胶囊,米托索
重组人干扰素α2b乳膏,安达芬
异丁司特缓释片,司易可
硫酸依替米星注射液,悉能/创成
氯波必利片,维恒
泛昔洛韦片,海正韦克/凡乐/诺克
碳酸钙二甲硅油咀嚼片,味禾
硫酸氢氯吡格雷片,泰嘉
维生素AD滴剂,伊可新/贝特令
吡嘧司特钾片,普利敏/艾欣益乐/泽而生/珉思通
氧氟沙星缓释片,赞诺欣
琥乙红霉素口腔崩解片,艾加星
盐酸萘替芬溶液,芳迪
曲安奈德益康唑乳膏,益富清/派瑞松
盐酸塞利洛尔片,得来恩
曲尼司特颗粒剂,奥特敏
盐酸金刚乙胺片,金迪纳/立安
外用重组人粒细胞巨噬细胞刺激因子凝胶,金扶宁
盐酸丙卡特罗口服溶液,美普清
乳糖酸克拉霉素片,立辛
依帕司他胶囊,唐林
氨麻美敏片,派得
米氮平片,米尔宁/派迪生
硫酸氨基葡萄糖氯化钾胶囊,端正
利巴韦林氯化钠注射液,达畅/奈德
硫酸氨基葡萄糖片,保节力
肌苷氯化钠注射液,安洁迪林/丹泽/永瑞能/欣丰/易荣欣/左禾/科米雅/甘可/兰旭/莱美康/复力定/恩立克/巴泉/泽贝/全助/湖月/德益美/延罗祺/甘全
酮康唑片,里素劳片
罗红霉素颗粒(Ⅱ),仁苏
红霉素肠溶胶囊,新红康
苦参素胶囊,博尔泰力/天晴复欣
更昔洛韦葡萄糖注射液,泓康威/艾林维/瑞圣亿/中佳太/贺元/了凡/思泽/诚力康/博应/美立能/更乐韦
注射用甲硫酸新斯的明,依定
甲硝唑凝胶,麦芙欣/丽芙
乙胺吡嗪利福异烟片Ⅱ,怡诺尼康
蒙脱石颗粒,畅言停
长春西汀氯化钠注射液,杰力纾
注射用重组链激酶,国大欣通/思凯通
氟罗沙星甘露醇注射液,邦来立欣
米格列奈钙胶囊,法艾斯
苦参素片,长源甘平/库舒/美地兰/龙鑫甘/兰信
盐酸洛美利嗪片,绍容/亚伊加/清天/特苏欣/希静/罗美达
倍他胡萝卜素胶丸,卡洛
齐多拉米双夫定片,双汰芝
非诺贝特咀嚼片,冠之柠/祺抒
氨酚拉明口服溶液,泰诺安
二氟尼柳胶囊,巨力新
洛索洛芬钠颗粒,庆福
注射用阿莫西林钠氟氯西林钠,昆柏/弗威
盐酸托烷司琼氯化钠注射液,齐琼/盖格恩
阿司匹林双嘧达莫缓释片,阿司潘
甲苯磺酸托氟沙星胶囊,昂特
硫酸奈替米星葡萄糖注射液,长富天欣/深索/天泉泰宁/奥天禹/爱宏/洁奈/奈怡/佳奈/艾佳欣/浪凡
L-谷氨酰胺颗粒,新麦林
左羟丙哌嗪分散片,考孚亭
阿司匹林泡腾片,巴米尔
二甲双胍格列本脲片(Ⅰ),唐可捷/宜沙宁/乙可夫/双格宁/唐瑞平/唐贝康/万苏琪/可瑞特/思宜/利力乐/联合唐定/金平唐/君复乐/立生源/拜康/唐立克/瑞联/美佳特/适可一/联将/惠络平
注射用乌司他丁,天普洛安
复方米非司酮片,紫韵
重组人血管内皮抑制素注射液,恩度
口服轮状病毒活疫苗,罗特威
阿司待因片,联佳
伪麻那敏胶囊,宝达
乙酰吉他霉素干混悬剂,吉美
依西美坦片,可怡/速莱/优可依/依斯坦
流行性感冒亚单位疫苗,英特福禄
盐酸昂丹司琼胶囊,恩诺平/时泰
氨酚伪麻片Ⅱ,利乐
氯雷伪麻缓释片,百为晴
木糖醇氯化钠注射液,得力尔欣
注射用果糖二磷酸钠,佛迪/威赛欣
盐酸托烷司琼注射液,岩迪/广迪/欣贝/欣顺尔/赛格恩/普洛林/维瑞特/确芝杜/妥立士宁
门冬氨酸洛美沙星氯化钠注射液,万夫洛
甲磺酸罗哌卡因氯化钠注射液,威赛因
注射用美洛西林钠舒巴坦钠(4:1),佳洛坦
左旋多巴片,思利巴
司帕沙星胶囊,巴沙/森奥欣/海正立特
盐酸尼卡地平缓释胶囊,佩尔
氨基己酸氯化钠注射液,凯乃银
更昔洛韦注射液,奥托康/实得/恒抗/新青羽/威克锐达/尤尼达/孚尔灵/奥西彤/普更欣/凯济维/美替博伟/宁丹欣/诺贝奇/集希通/利百路/君芬/诺好/独雅欣/希韦/美斯博维
硫酸特布他林气雾剂,喘康速
丙氧氨酚片,达宁
小儿复方氨基酸注射液(18AA-Ⅰ),爱咪特
冻干鼠表皮生长因子,一夫
克林霉素磷酸酯氯化钠注射液,普源欣/恒新/滨可/华舒/海迈可/先清
阿魏酸钠葡萄糖注射液,益可幸/德济欣通/可瑜/比希/精欣/双维/欣桂舒
阿莫西林克拉维酸钾片(7:1),健澳/舒仙琳
拉克替醇散,天晴康欣
己酮可可碱氯化钠注射液,潘可福林/甘风/益枢/福枢/菲克维康/双可/博舒特/舒芙罗/丹可/喜舒同/茂平/祥迪/润心舒
非诺贝特缓释胶囊,利必非
注射用胸腺法新,迈普新
盐酸氯米帕明片,安拿芬尼
单硝酸异山梨酯分散片,欣康
枸橼酸莫沙必利分散片,新络纳
甘草酸二铵肠溶胶囊,天晴甘平
维氨啉滴眼液,新乐敦
磷酸川芎嗪滴丸,弘旭明
甲磺酸二氢麦角碱片,喜得镇
胞磷胆碱钠胶囊,思考林
丙泊酚注射液,迪施宁/乐维静/力蒙欣
羧甲基半胱氨酸泡腾散,百越
苯溴马隆胶囊,立加利仙
精蛋白重组人胰岛素混合注射液(30/70),万邦林/优思灵
匹多莫德颗粒,金世力德
硫酸沙丁胺醇控释胶囊,赛比舒
右佐匹克隆片,文飞
恩替卡韦片,博路定
酒石酸双氢可待因片,西盖克
注射用盐酸阿奇霉素,悉美
注射用重组人干扰素α1b,运德素/赛若金
头孢克洛缓释片(Ⅱ),希刻劳
注射用盐酸氨溴索,开顺/诺健/兰苏
硫酸庆大霉素咀嚼片,欣他
普罗布考片,畅泰/之乐
米诺地尔凝胶,学瑞
注射用鼠神经生长因子,丽康乐/恩经复/金路捷/苏肽生
重组人表皮生长因子衍生物滴眼剂,金因舒
重组人5型腺病毒注射液,安柯瑞
促肝细胞生长素注射液,威佳
注射用乳酸左氧氟沙星,亚新比拓/君欣/佐康/来喜力/苏洛/奥维先/创星
感冒退热颗粒,无
注射用硝酸异山梨酯,安诺欣美/燕德/瑞立喜/卫昕平
注射用盐酸氯普鲁卡因,可谱诺
盐酸索他洛尔注射液,伊缓/坦释
盐酸氮卓斯汀鼻喷雾剂,敏奇/芙迪
硝苯地平缓释片(Ⅱ),伲福达
盐酸卡替洛尔滴眼液,美开朗
利福昔明干混悬剂,威利宁
注射用藻酸双酯钠,海那/瑞日/西木生/诚珍/欣百昌/赛咯尔/伯来通/帝莎
布洛伪麻混悬液,美林
枸橼酸铋钾颗粒,丽珠得乐
复方氯己定含漱液,口泰
氟康唑片,依利康/莱抗/昊康/康锐
柳氮磺吡啶结肠溶胶囊,长建宁
小儿布洛芬栓,福尔栓
酚磺乙胺葡萄糖注射液,恒智
硝酸咪康唑栓,达克宁
注射用水溶性维生素,水乐维他
注射用氟康唑,罗瑞/赛可路丁/美狄克
硫酸依替米星氯化钠注射液,悉能/爱益/格美达/亦清
替尼泊苷注射液,邦莱
注射用盐酸曲马多,安田/泰美定/瑞立平/奇止/奇迈特/丰同叮/替马尔/银加/瑙泰
丁酸氢化可的松乳膏,尤卓尔
萘敏维滴眼液,艾唯多
去甲斑蝥酸钠氯化钠注射液,艾渚康
硫糖铝口服混悬液,华迪/舒克菲
氟氯西林钠阿莫西林胶囊,弗威
利巴韦林口服溶液,威乐星
去羟肌苷分散片,艾略
A、C群脑膜炎球菌结合疫苗,瑙幔宁
吡罗昔康胶囊,欧化吉维
马来酸曲美布汀分散片,尼为孚
硝酸异山梨酯注射液,爱倍
乳酸菌阴道胶囊,延华
盐酸左氧氟沙星注射液,莱沃幸/诺普伦/金诺尔曼/左克/奥维丽/安理莱
葛根素注射液,葛畅/普乐林
法莫替丁片,贝兰德
盐酸洛非西定片,凯尔丁
布洛伪麻软胶囊,普洛必达
三磷酸腺苷二钠氯化钠注射液,新隆宁
小儿氨酚伪麻分散片,乃平
厄贝沙坦片,安来/甘悦喜/吉加/伊达力/安博维/若朋/苏适
乙型脑炎纯化疫苗,爱普生
硝酸甘油氯化钠注射液,若必循
琥珀酸亚铁颗粒,速力菲
美司钠注射液,美安
盐酸氟桂利嗪胶囊,弗瑞林/奥力保克/西比灵
重组人干扰素α1b滴眼液,长生扶明/滴宁
注射用舒巴坦钠/阿莫西林钠,威奇达
注射用亚叶酸钙,福能
克林霉素磷酸酯阴道片,舍欣
萘替芬酮康唑乳膏,必亮
碱式水杨酸铋干混悬剂,悉欣
银耳孢糖肠溶胶囊,切尔
马来酸罗格列酮片,文迪雅
注射用重组人干扰素α2a,因特芬/贝尔芬/迪恩安
外用冻干人凝血酶,康立宁
奥沙利铂甘露醇注射液,辰雅/佳乐同泰
硫酸沙丁胺醇雾化吸入溶液,达芬科闯
伊维菌素胶囊,海正麦克丁
托拉塞米片,特苏敏/拓赛/伊迈格
口服补液盐溶液,延力
硫酸小诺霉素氯化钠注射液,君佳
联苯苄唑凝胶,必伏
枸橼酸钾颗粒,可维加
盐酸阿比朵尔颗粒,壮彤
双氯芬酸钠盐酸利多卡因注射液,雅兵
布洛芬颗粒,安瑞克
氯芬待因复方片,舒尔芬
尿囊素铝片,欧迪佳/悉景
穿琥宁氯化钠注射液,诺辰/素安/百可迪/康汀/意苏格/素泰林/合尔/众生严康
复方碳酸钙泡腾颗粒,盖笛欣
注射用氯化钾,莱丁甲/欣健聚/先甲/立贝甲
头孢克洛分散片,恒迪克/恒运/万敏新/希诺
氯雷他定胶囊,施诺敏/芷敏/星元佳/海王抒瑞/奥慧丰/精威/先宁/雪菲/奎因
重组牛碱性成纤维细胞生长因子滴眼液,贝复舒
外用重组人表皮生长因子,康合素
胞磷胆碱钠葡萄糖注射液,兰桂/爱星丹/赛立奥/普美拉泰/舒莫它/德益荣/苏布林/丹平/奥格尔/丰海清/立拓感/博朗瑞宁
抗人白细胞介素-8单克隆抗体乳膏,恩博克
甲地高辛片,贝可力
左旋甲状腺素钠片,泽宁
氟尿嘧啶葡萄糖注射液,福若欣/华康达
盐酸黄酮哌酯片,优必达/渡洛捷/吉时达
吡嘧司特钾分散片,尼尔平
罗红霉素颗粒剂,罗立萨
注射用头孢噻肟钠,凯帝龙/凯福隆/泰可欣
注射用硫普罗宁钠,凯纳
盐酸度洛西汀肠溶胶囊,奥思平
氨酚拉明片,泰诺安
氟康唑葡萄糖注射液,尤尼安/滨力/易启扶/华士欣/益真施/力邦泰宁/金周/凯兴/天方力星/文清
注射用甲钴胺,托普优/爱昕保/唐信/怡维康/怡神保
头孢克罗泡腾片,龙威欣
羟基喜树碱氯化钠注射液,菲尔比/博坤力
重组人促红素注射液,益比奥
冻干静脉注射用人免疫球蛋白,长生迅抗
注射用血凝酶,巴曲亭
泛昔洛韦缓释胶囊,丽优风
人狂犬病免疫球蛋白,依生保尔
盐酸左氧氟沙星胶囊,希普克定/裕力兴/左克/洛普星/恒奥/天福欣
注射用萘普生钠,佳丹/那普星/泰泽/迈而/奇谷克/元奇
无水硫酸钠肠溶胶囊,畅乐
盐酸格拉司琼胶囊,欧普定/安斯平/达芬可泉/古迪/帕瑞达
A群C群脑膜炎球菌多糖结合疫苗,盟纳康
静脉注射用人免疫球蛋白(pH4),博欣
氨酚麻美糖浆,小白
盐酸多沙普仑注射液,佳苏仑
多索茶碱胶囊,凯宝川苧
苯扎氯铵贴,邦廸
环丙沙星缓释片,悉复欢
注射用泮托拉唑钠,卫可安/富诗坦/泮立苏/韦迪/诺森
盐酸金刚乙胺颗粒,太之奥
枸橼酸苹果酸钙片,尤尼乐
愈美缓释片,华可必
注射用苦参碱,奥诺生/西点宁/苷迪/杰力清/择明/桂平/迪洋/林源吉泰/巴乐/永新/美地林/比罗卡/甘缘/瑞琳利尔/亿来宁/唯爱澳/可素/猗清/宁甘欣/谷苏生/甘比新/今威
盐酸川芎嗪葡萄糖注射液,利川/德益祥/奥福/环通
巴柳氮钠胶囊,奥瑞欣
替米沙坦胶囊,诺适美/赛坦/亚维伊/达舒亚/获平/至信风/欣益尔/欣蕊/舒洛宁/益亚平/斯泰乐/天禾恒/洛莎宁/安亚/尚尔宁/倍迪宁/雅屏
复方多维元素片(23),玛特纳(Materna)
琥乙红霉素分散片,三九君必沙/科特加
谷胱甘肽含片,格拉达欣
注射用甲磺酸二氢麦角碱,思清/韦伯/麦丁昕
阿比多尔片,玛诺苏
紫杉醇注射液,特素/紫素
磷酸奥司他韦胶囊,奥尔菲/可威/达菲
克林霉素磷酸酯阴道用乳膏,颜乐
小儿维生素咀嚼片,小施尔康
硝酸银软膏,欣纳星
小牛血去蛋白提取物氯化钠注射液,柏多瑞/帅奇
甘糖酯片,海通
硝酸舍他康唑乳膏,立灵奇
硫普罗宁注射液,诺百力/同达瑞/康酮索/海诺欣/丁舒/维春/切灵宝/辰吉格
克拉霉素分散片,锋锐/君然/臻克/澳扶安/长迪/怡川/冰克/泰菲/卡碧士/克尼邦/诺沙
利拉萘酯凝胶,澳舒旨
对乙酰氨基酚缓释片,倍乐信/泰诺林
尼美舒利胶囊,力舒同/腾克/力美松/先乐克/瑞芝利/化双节
硫酸氨基葡萄糖钾片,留普安
复合乳酸菌胶囊,聚克
塞克硝唑分散片,明捷
替硝唑阴道泡腾片,比适/益祺/乐净怡/替尼津
卡托普利缓释片,凯宝压苧
盐酸布替萘芬搽剂,特利达/孚答静
噻奈普汀钠片,达体朗
注射用尿激酶,洛欣
盐酸克林霉素注射液,力弘
甲硝唑含片,舒瑞特
枸橼酸铋雷尼替丁胶囊,舒威/瑞倍
吲哚美辛缓释片,意施丁
阿卡波糖片,卡博平/拜唐苹
磷酸铝凝胶,裕尔/贵鼎康
对乙酰氨基酚缓释干混悬剂,兴乐宁
注射用重组人白细胞介素-2(125Ser),洛金/英特康欣
头孢泊肟酯颗粒,士瑞泊
盐酸多巴酚丁胺葡萄糖注射液,丰海芬/滨纷/辰生芬/康利托
硒酵母胶囊,富希康
茴拉西坦颗粒,博邦邻
盐酸替扎尼定片,凯莱通/畅邦
盐酸布替萘芬乳膏,嘉瑞/特利达/迈克抒/孚答静
法莫替丁颗粒,盖世特
双歧杆菌三联活菌散,培菲康
注射用头孢哌酮钠舒巴坦钠,铃兰欣/瑞普欣/海舒必/舒普深/锋派新
盐酸特比萘芬片,兰美抒/丁克
复方酮康唑乳膏,显克欣
吗氯贝胺片,亚正/恬泰/海倍霖/朗天
小儿伪麻滴剂,艾清
醋酸奥曲肽注射液,星安忆/益谱柠/依普比善/力尔宁/生奥定/力特辛
长春西汀葡萄糖注射液,润菏尔/枢霖/邦川乃新/青禾/华迈通
注射用更昔洛韦,丽科伟/利健
克拉霉素片,诺邦/甲力/阿瑞/利迈先/安吉尔宁/克拉仙/科曼欣/卡斯迈欣/百红优
重组人表皮生长因子滴眼液,易贝
乙型肝炎病毒YMDD基因突变诊断试剂盒(PCR荧光法),耐敏得
盐酸苄普地尔片,开克
地奈德乳膏,力言卓
麦白霉素颗粒剂,司奇乐
阿莫西林克拉维酸钾(4:1)片,安奇
维生素C钙胶囊,维体因
吲达帕胺缓释片,纳催离/圣畅/平至
注射用氨甲苯酸,虹雨舒/奥瑞艾/赫尔康
乳糖酸阿奇霉素注射液,托能/福瑞欣/劲诺/君洁/百科德瑞/维力青/玉奇
注射用氨茶碱,星尤善
盐酸伐昔洛韦胶囊,明竹欣
克拉维酸钾/羟氨苄青霉素(1:4)干混悬剂,瑞思
盐酸萘替芬乳膏,欣欣
马来酸氨氯地平胶囊,欣纾
依替膦酸二钠片,根德
注射用盐酸多巴胺,阿斯克丁
布洛芬混悬滴剂,美林
依托泊苷软胶囊,泊瑞/威克
苯甲酸利扎曲普坦片,欧立停/善清
盐酸吗啡缓释片,美菲康
重组人干扰素α1b注射液,运德素
壬苯醇醚凝胶,乐乐迷
叶酸片,美天福/斯利安
注射用还原型谷胱甘肽钠,松泰斯
加替沙星氯化钠注射液,来福乐欣/加益新/巴替/澳莱克/加葵龙/凯泽/奎泰/利欧/丰海甘/乐派/海超
蚓激酶肠溶胶囊,普恩复/百奥/博洛克
注射用盐酸硫必利,罗逸/尚岩
瑞巴派特片,膜固思达/惠宁
更昔洛韦眼用凝胶,丽科明
阿昔洛韦氯化钠注射液,洁罗维/济民维新
罗红霉素缓释胶囊,逻施立
妥布霉素滴眼液,佳诺泰/艾若
酒石酸托特罗定分散片,宁通
格列齐特片(Ⅱ),达美康
长春西汀注射液,润坦
注射用重组人生长激素,赛高路/海之元/安苏萌/赛增(Jintropin)/珍怡
注射用白眉蛇毒血凝酶,邦亭
碘[131I]美妥昔单抗注射液,利卡汀
盐酸羟甲唑啉滴鼻液,丹中滴鼻液
卡培他滨片,希罗达
利托那韦口服溶液,迈可欣
注射用唑来膦酸,因力达/艾朗/佐锐/博来宁/卓莱/苏奇
苦参素葡萄糖注射液,天晴复欣/功亮
注射用普罗碘铵,洛冠
酚美愈伪麻分散片,泰晶
氯雷他定片,伊利欣/菲格曼/可米/泰明可/天晴正舒/润来/大生瑞丽/逸舒长/邦诺/奥米新/怡邦/亿菲/常克/奎因/顺他欣/奥纾/百为乐/星元佳/瑞孚/舍泰/福莱西/奥慧丰/开瑞坦/毕研通/百为坦/彼赛宁
头孢克洛片,欧佳
乙酰吉他霉素口含片,乐普美欣
果糖二磷酸钠胶囊,佛迪
肠内营养乳剂(TPF),瑞先
盐酸罂粟碱氯化钠注射液,麦乐定/赛德隆/中宝菲林/凯格拉非/泊威
昔萘沙美特罗气雾剂,平特
骨化三醇胶丸,盖三淳
双氯芬酸钠肠溶片,扶他林
盐酸左西替利嗪分散片,诺思达
复方谷氨酰胺颗粒,兹末/谷奥/施林/舍兰
复方铝酸铋片,力比得
重组人干扰素α-2b凝胶,尤靖安
氨甲苯酸氯化钠注射液,安本/唯卡
阿立哌唑口腔崩解片,博思清
假单胞菌制剂,佳代胞
尼莫地平胶囊,迈特令/尤尼欣
扎来普隆胶囊,思威坦/安维得/禾邦立安/恩诺欣/安己辛/惠特宁/曲宁/通安其/斯特长佳
复方苯甲酸酊,芙泰
壬苯醇醚栓,爱侣栓
注射用盐酸瑞芬太尼,瑞捷
多维元素片,白金施尔康/金施尔康
阿司匹林缓释片,协美达/塞宁
盐酸伪麻黄碱缓释片,德力通
注射用布美他尼,抒彤/慧源/朗清/尼畅/优布丁/畅泽/百畅/卫信宏/辛帝
盐酸坦洛新缓释胶囊,必坦/齐索
外用冻干人纤维蛋白粘合剂,护固莱士
酚麻美敏口服溶液(成人用),泰诺
头孢呋辛酯干混悬剂,运泰
盐酸氟西汀胶囊,优克/奥麦伦
酒石酸美托洛尔片,倍他乐克
双氯芬酸钠肠溶缓释胶囊,诺福丁
重组抗CD25人源化单克隆抗体注射液,健尼哌
伊维菌素咀嚼片,海正麦克丁
肠内营养混悬液(SP),百普力
胸腺肽肠溶片,奇莫欣
头孢泊肟酯胶囊,欧爽/搏沃欣/亮博
盐酸米诺环素片,美诺星
巴氯芬片,枢芬
盐酸埃克替尼片,凯美纳
拉米夫定片,贺普丁
吗替麦考酚酯片,骁悉
阿魏酸钠氯化钠注射液,新悦/华安迈/芬立通/若莱/灵佳嗪/长富维纳/昂思/亿博特/天泉舒宁/迈同/邦妥/泽荣/欣杰/立生迈
注射用双氯芬酸钠盐酸利多卡因,玉五太
茶碱缓释胶囊(Ⅱ),时尔平
去羟肌苷咀嚼片,哈特
注射用胞磷胆碱钠肌苷,英迪特
大流行流感病毒灭活疫苗,盼尔来福(Panflu)/盼尔来福(PanFlu)
血卟啉注射液,喜泊分
吡罗昔康注射液,安尔克注射液
盐酸贝那普利胶囊,普力多
甲苯咪唑片,安乐士
阿法骨化醇片,霜叶红/立庆
苄达赖氨酸滴眼液,莎普爱思
注射用胸腺五肽,替波定/和信
依那普利氢氯噻嗪片,久保克
粉尘螨滴剂,畅迪
格列吡嗪胶囊,力达美/思乐克/格迪/依必达/怡平
抗乙型肝炎胎盘转移因子注射液,泰来肽
马来酸左旋氨氯地平片,玄宁
西咪替丁片,泰胃美
注射用复方甘草酸苷,卫伊兴
盐酸帕罗西汀片,赛乐特/乐友
酮咯酸氨丁三醇胶囊,尼松
注射用甲磺酸罗哌卡因,力托
妥布霉素地塞米松眼膏,典舒
氨酚伪麻咀嚼片,佳诺美
注射用烟酸占替诺,奥利澳/海斯必达/长龙清/延比尔/恰克/怡玫/海夫维
维A酸乳膏,唯爱/丽英
乙酰吉他霉素颗粒,安吉儿乐
羧甲纤维素钠颗粒,开仕
氯雷他定糖浆,史泰舒
硝酸甘油葡萄糖注射液,若欣莱
硫酸氨基葡萄糖胶囊,伊索佳
注射用木糖醇,雅清宁
还原型谷胱甘肽片,阿拓莫兰
氨酚伪麻那敏胶囊,华意/塞普
氟[18F]-脱氧葡糖注射液,弗唐派特
注射用羟基喜树碱,拓僖/喜素
注射用盐酸米托蒽醌,恒恩
普适泰片,舍尼通
烟酸缓释胶囊,锐旨
注射用氨曲南,君刻单
来氟米特胶囊,奥克鲁
注射用氨苄西林钠舒巴坦钠,凯德林/舒氨西林/普舒/凯兰欣/舒氨新/施坦宁
萘丁美酮分散片,司瑞克/彤舒通
复方锌布颗粒剂,臣功再欣
左奥硝唑氯化钠注射液,优诺安
咪达唑仑注射液,力月西
(ACYW135)四价脑膜炎球菌多糖疫苗,迈可信
重组牛碱性成纤维细胞生长因子外用溶液,贝复济
甲硝唑口颊片,迷尔脱
钠钾葡萄糖注射液,美凌格
坎地沙坦酯片,迪之雅/搏力高/维尔亚/悉君宁/达迈
乙酰麦迪霉素片,美加欣
甲硝唑氯己定洗剂,碧洁
利拉萘酯乳膏,圣夫爽/扶安/良奇/易神/当止/斯芙林/利维康/嘉益/一孚平
葡萄糖氯化钠注射液,无
烟酸占替诺氯化钠注射液,左诺/菲克麦康/孚通/赛潼/靖康/欣普路通/希美欣/尼芬萨/太韦通/河星/东宝天诺欣
替勃龙片,紫竹爱维/利维爱/绮罗淑
匹多莫德颗粒剂,谱乐益
萘普生肠溶微丸胶囊,金康普力
双嘧达莫分散片,升达
阿莫西林克拉维酸钾咀嚼片(14:1),安奇
注射用硫酸普拉睾酮钠,蒂洛安
注射用母牛分枝杆菌,微卡
水痘减毒活疫苗,惠立维/维瑞乐
盐酸加替沙星胶囊,阿诺雷特
甲磺酸加替沙星片,金喹安/乐来/奥万基
曲克芦丁葡萄糖注射液,益新静/久仁/凯利金斯/言全/其力/世丹/卡伦/弗畅/纬欣/帅星
苯磺酸氨氯地平胶囊,平能
富马酸阿奇霉素胶囊,奇泰
注射用阿洛西林钠,阿乐欣
非诺贝特分散片,太韦络
复方乳酸软膏,干彼美
那格列奈胶囊,易克亚欣/瑭一/易优利安/唐苓/芙格清
法莫替丁注射液,信法丁
氯氧喹胶囊,安体舒
棓丙酯氯化钠注射液,合比/安必同/倍溶/海盟维乐/益扶络/珊德益/莱能/络好/华士靖安
硫酸阿奇霉素注射液,金派奇
愈酚伪麻口服溶液,艾舒
乳酸左氧氟沙星片,维沙欣/来立信
注射用细辛脑,欣润/达凯夫/隆祥/博仕多清/海盟静清/弗素克/诺康利灵/奥乐欣/易扬/晴世格/浩辛
辛伐他汀滴丸,剑之亭
复方氯雷他定缓释片,开瑞能
雷米普利片,瑞素坦/瑞泰
妥布霉素地塞米松滴眼液,佳名/典舒
注射用奥沙利铂,奥正南/艾恒/草铂
注射用甘氨双唑钠,希美纳
氨溴特罗口服溶液,易坦静
琥珀酸舒马普坦片,丹同静
地氯雷他定干混悬剂,芙必叮
注射用鲑降钙素,盖瑞宁
前列腺素E1乳膏,比法尔
乌拉地尔缓释片,亚利敌/利喜定
盐酸依匹斯汀胶囊,凯莱止
口服酪酸梭菌、双歧杆菌二联活菌散剂,常乐康
盐酸消旋山莨菪碱氯化钠注射液,京坦松
吲哚美辛贴片,狄克施
重组人胰岛素注射液,万邦林R/甘舒霖R/苏泌啉/优思灵
阿奇霉素细粒剂,苏爽
双价肾综合征出血热灭活疫苗(地鼠肾细胞),汉普威
法莫替丁葡萄糖注射液,安威特/博拉康唯/利洛兰
盐酸氯普鲁卡因注射液,可谱诺/凯宁
注射用盐酸川芎嗪,瑞科林/可杰星/川青
硫酸沙丁胺醇控释片,惠百释/律克
诺氟沙星药膜,金娅捷
盐酸金刚乙胺糖浆,津彤
洛索洛芬钠胶囊,康威迪克
盐酸氟西汀肠溶片,金开克
加替沙星葡萄糖注射液,佳洛灵/严克仙/欧特罗康/悦博/加泰/艾尔嘉/地纳克
注射用小牛血去蛋白提取物,鸿源/新欧瑞/生祺/欣维治
氢溴酸高乌甲素葡萄糖注射液,西松/无衡
复方曲尼司特胶囊,顺奇
枸地氯雷他定胶囊,恩瑞特
缬沙坦胶囊,怡方/托平/穗悦/佳菲/缬克/代文/霡欣
喘嗽宁片,不使用商品名称
二甲双胍格列齐特片,度和/齐致平
重组人生长激素注射液,赛增(Jintropin)
异甘草酸镁注射液,天晴甘美
复方磷酸可待因口服溶液,联邦止咳露
氨麻美敏口服溶液,祺尔百服咛
注射用硫酸特布他林,布瑞平
马洛替酯缓释片,亚宝欣
尼索地平缓释胶囊,默泰/欣诺金
双氯芬酸钠凝胶,芬那克/立舒/顺峰康泰/芬迪/迪扶欣
注射用喷昔洛韦,恒奥普康
氨酚伪麻片,代尔卡/力舒/尼克/必停
盐酸昂丹司琼葡萄糖注射液,康达立特/枢丹/奕丰
胸腺肽肠溶胶囊,康司艾
格列喹酮胶囊,卡瑞林/普怡
倍他米松新霉素乳膏,联邦倍新
盐酸伐昔洛韦颗粒,明竹欣
牡蛎碳酸钙咀嚼片,盖天力
亚砷酸氯化钠注射液,伊泰达
苦参碱注射液,枢柔/斯巴特康
氟康唑颗粒,汝宁
二甲双胍格列本脲片(Ⅱ),利力诺/拜康/联将/君复乐/一孚芸/适可一
结核分枝杆菌(TB-SA)核酸扩增(PCR)荧光检测试剂盒,赛普克
西尼地平胶囊,久悦
ACYW135群脑膜炎球菌多糖疫苗,御脑宁
注射用加替沙星,林可佳/圣迪锋/万悦/加迈欣/福奇/罗欣严达/欧诺/誉快/辰立
酚磺乙胺氯化钠注射液,安迪欣/尼基
联苯苄唑溶液,孚琪/孚康
百咳静糖浆,Baikejing Tangjiang
盐酸胺碘酮片,可达龙
枸橼酸西地那非片,万艾可
酚咖片,加合百服宁/利通/天瑞特
盐酸氨溴索分散片,恩久平/抒坦清/必与
氯雷伪麻缓释胶囊(Ⅰ),可帅
重组人干扰素α2b阴道泡腾片,安特芙
盐酸氨溴索注射液,伊诺舒
注射用吡拉西坦,易汀/欣奥欣/宏威利迪/宁秀欣
乙酰半胱氨酸颗粒,富露施
别嘌醇缓释胶囊,奥迈必利
奥拉西坦胶囊,欧来宁
托西酸舒他西林胶囊,博德
盐酸法舒地尔注射液,川威
盐酸格拉司琼葡萄糖注射液,斯诺康欣/天泉康欣/海诺康/格奈雅/格瑞同/琼沙奥/舒尔止/比立/盛金诺/珂瑞琦
醋酸曲安奈德益康唑乳膏,吉佰芙
替硝唑含片,津和
肠内营养混悬液(TPSPA),士强
注射用舒巴坦钠,联可
复方硫酸软骨素滴眼液,润洁
包醛氧淀粉胶囊,析清
头孢氨苄胶囊,斯宝力克
吉非罗齐片,新斯达
前列地尔尿道栓,誉歌
多维元素片(21),21金维他/桑海金维
丙酸交沙霉素颗粒,贝贝莎
注射用盐酸洛美沙星,奥每欣
复方氨基乙磺酸滴眼液,小乐敦
复方磷酸氢钠片,清可隆/固平
西吡氯铵含片,本力
异福片,菲路得/匹金/费安/维菲/菲亭/缇碧
辛伐他汀干混悬剂,辛优旨
依诺沙星片,久诺
盐酸氨溴索口服溶液,瑞田/贝莱/双倡/沐舒坦/兰苏
盐酸伐昔洛韦缓释片,阿迈新
胶体酒石酸铋胶囊,比特诺尔BITNAl
蒙脱石分散片,赛立迈
盐酸氮卓斯汀片,敏奇/新百克
新鱼腥草素钠氯化钠注射液,依洁/杜沛
乙酰麦迪霉素干混悬剂,美欧卡/美力泰
阿司匹林可待因片,西司奇
胸腺肽氯化钠注射液,新状泰/安珐布
辛伐他汀咀嚼片,捷芝
注射用氢溴酸高乌甲素,林源立舒/卓宁/隶慷平/金达欣/知腾/博斯特/清通/优一欣/宁圣欣/捷清/海丰泉
头孢氨苄缓释片,美丰
阿司匹林咀嚼片,欣动/安尼妥
注射用重组人粒细胞-巨噬细胞集落刺激因子,格宁
枸橼酸铋钾片,丽珠得乐/丽科得诺
尼群地平软胶囊,舒麦特
左卡尼汀注射液,雷卡
氯化钾氯化钠注射液,美佳莱
盐酸克林霉素氯化钠注射液,特纳斯/邦韦林欣/信徕/福司卡/捷立/倍禾/天泉维康/帅克佳尔/欣忆康/华阳再欣
美息伪麻软胶囊,益爽
注射用骨肽,西若非/唛金沥
复方氨基酸注射液(18AA-Ⅰ),凡命
克霉唑涂膜,诺亚涂膜
氯沙坦钾片,科素亚
注射用盐酸地尔硫卓,贝洛信
注射用甲磺酸左氧氟沙星,宁沙/卫孚多/安特博/陆达/裕力兴/丽科畅/多清/贝达若彤/紫罗嗉/雅健畅/琪圣/安士力/和克/普亚特/卫美佳
米非司酮胶囊,诺虑婷/碧韵
盐酸曲唑酮片,每素玉/舒绪
吡罗昔康贴片,亮克
盐酸安妥沙星片,优朋
头孢克肟分散片,舍尔/先强严灵/特普宁/世福素
注射用阿奇霉素枸橼酸二氢钠,那琦
唑来膦酸注射液,天晴依泰/盖柠/苏奇
复方氨基酸胶囊(8-11),和安
头孢泊肟酯片,维洁信/司力泰/恒泽/帅孚/施博/搏拿/纯欣/韬特/海凌依/西博特欣/敏新/博曼欣/延知/抗菲
丙戊酸钠缓释片,德巴金/典泰
注射用盐酸托泊替康,艾妥/卜恩/胜城
注射用盐酸伊立替康,艾力
依托度酸胶囊,那止
盐酸地尔硫片,恬尔心
注射用头孢曲松钠,安塞隆/罗氏芬/果复每/罗塞秦
阿莫西林克拉维酸钾胶囊(4:1),巨泰
乙酰水杨酸锌胶囊,纽克特
伊班膦酸钠注射液,佳诺顺/艾本
莪术油葡萄糖注射液,杜迪
注射用五水头孢唑林钠,新泰林
右旋布洛芬片,清芬
氨苄西林丙磺舒胶囊,恩普洛
双氯芬酸钠缓释胶囊,英太青/迪弗纳
氨酚伪麻片(Ⅰ),玉安立克/蓝迪
匹多莫德分散片,唯田
碘普罗胺注射液,"优维显,Ultravist"
注射用盐酸大观霉素,卓青/曲必星
盐酸阿奇霉素注射液,辰羽/托琪/永齐
聚乙烯醇滴眼液,瑞珠
氨甲苯酸葡萄糖注射液,弗芬/吉祥红/帅郅
钆贝葡胺注射液,莫迪司
冻干人凝血酶原复合物,康舒宁
尼美舒利干混悬剂,益雅轩/斯瑞
头孢克洛咀嚼片,迪素
盐酸替罗非班氯化钠注射液,欣维宁
阿奇霉素氯化钠注射液,欣匹特/抒罗康
盐酸贝那普利片,洛丁新
注射用三磷酸腺苷二钠氯化镁,佳优/艾诺吉
醋酸泼尼松龙滴眼液,百力特
罗红霉素分散片,丽珠星/西适宁/乐尔泰/维曼/倍沙/芙欣/严迪
盐酸伊托必利胶囊,伊天/代林/比佳斯
注射用转化糖,瑞秦源
硫酸特布他林氯化钠注射液,川婷/慧邦/菲科坦
缬沙坦氢氯噻嗪片,福坦/复欣
甲磺酸托烷司琼注射液,舒欧亭
巴曲酶注射液,东菱迪芙
地氯雷他定分散片,芙必叮
注射用烟酰胺,普扶林
甲硝唑胶浆含漱液,天力宁
注射用氢溴酸右美沙芬,洛顺/降克/瑞凯平
佐匹克隆胶囊,青尔齐
非那雄胺分散片,再安列
阿莫西林克拉维酸钾片,安克/超青
阿法骨化醇胶丸,盖诺真/奥司惠
氟罗沙星胶囊,复诺定/多米特定
萘普生胶囊,惠可
盐酸伪麻黄碱片,龙沙
阿奇霉素肠溶片,维宏
炎琥宁注射液,肖同达/康极行/安迪同
阿奇霉素散剂,益欣
茴拉西坦分散片,毕思灵
马来酸依那普利胶囊,福天乐
洛芬待因片,可普芬
注射用利福霉素钠,唛欣沥/锋立复/夫安尔/赛瑞辰/星索宁/澜琪
盐酸阿比朵尔胶囊,恩尔欣
注射用去甲斑蝥酸钠,怡罗苹/轻畅/班宁/达美奥欣/地宁/罗普/克艾宁/留欣
乙酰半胱氨酸胶囊,易维适
硫酸特布他林胶囊,伊坦宁
复方布洛芬片,保施泰
氨咖麻敏胶囊,元顺
盐酸屈他维林片,诺仕帕
克拉霉素缓释片,莫欣/奥尼亚/诺邦/森克
结核分枝杆菌抗体胶体金法诊断试剂盒,迪比多
艾地苯醌片,金博瑞
尼麦角林片,乐喜林/富路通
盐酸度洛西汀肠溶片,奥思平
头孢泊肟酯干混悬剂,善普兰/纯迪/施博
依巴斯汀片,思金/苏迪
罗格列酮钠片,太罗
5-氨基水杨酸肠溶片,安洁莎
盐酸克林霉素胶囊,特丽仙
双扑伪麻颗粒,双达
辛伐他汀胶囊,新达苏/理舒达/赛夫丁/幸露/旨泰/博占同/希赛/正支
过氧苯甲酰凝胶,碧宁
多西他赛注射液,易优瑞康/奥名润/希存/多帕菲/艾素/斯曲帝
注射用两性霉素B脂质体,锋克松
甲磺酸加替沙星分散片,邦加分宁
复方氨基酸脂质凝胶,万玉苹
地高辛片,可力
尼索地平缓释片,吉尼乐尔
硫酸西索米星氯化钠注射液,利岁/亚邦利尔
阿奇霉素分散片,丽珠奇乐/赛乐欣/欣匹特/齐迈星/赛金沙/琦玥/君维清/快迪/派芬/君洁/尤尼克/雅瑞/其仙/信达康
维生素B12滴眼液,威可达
盐酸舍曲林胶囊,愈朗/郁洛欣
注射用羟基喜树碱 羟基喜树碱,拓僖
甲磺酸罗哌卡因注射液,蒙安达/力蒙乐/威赛因/赛乐品/泽荣/达卡/博静
精蛋白重组人胰岛素混合注射液(50/50),优思灵
异氟烷,宁芬/活宁/怡美宁
盐酸丁咯地尔缓释片,步复迈
盐酸塞利洛尔胶囊,苏亚
黄体酮胶丸,来婷/琪宁
复方氯唑沙宗胶囊,鲁南贝特
盐酸氯雷他定片,金苏瑞
盐酸舍曲林片,西同静/唯他停/乐元/快五优/津得斯/彼迈乐/伊素明/贝玉/左洛复
枸橼酸氯己定口胶,九泰口胶
替吉奥胶囊,维康达
注射用阿莫西林钠舒巴坦钠,倍舒林/来切利/西迪林/威奇达/舒萨林
盐酸西替利嗪糖浆,贝分
枸橼酸莫沙必利片,贝络纳/瑞琪/快力
果糖二磷酸钠口服溶液,瑞安吉
氨酚伪麻片(Ⅱ),新爱得/劲得
注射用尼莫地平,元甘/云迪恩/海盟惠/布瑞喜/星尤复/一夫正/平达尔
硫酸奈替米星注射液,奈特/奈康
阿苯达唑片,史克肠虫清
碘帕醇注射液,典比乐
盐酸左西替利嗪胶囊,畅然
尼古丁舌下片,奥菲尼
枸橼酸锌片,威尔
人凝血因子Ⅷ,康斯平
注射用脂溶性维生素(Ⅱ),知维保
盐酸吗啡注射液,史尼康
琥珀酸亚铁缓释片,速力菲
多维元素胶囊(13),康耐得
环磷腺苷注射液,天安欣/铭生/灵辰功/康斯澳/韦安/凯济欣/沃平/肖山平
盐酸克林霉素棕榈酸酯颗粒,可尔生
注射用硫酸长春地辛,艾得新
萘丁美酮片,萘普酮/瑞力芬/泰立芬
次水杨酸铋分散片,艾悉
盐酸环丙沙星软膏,瑞康
膦甲酸钠乳膏,扶适灵
注射用奥硝唑,今达/优伦
注射用马来酸阿奇霉素,津博
阿昔洛韦注射液,阿仑/艾贝清/奈格/博士多为/洁珂/东药琦锐
盐酸左布比卡因注射液,奥桂仁/速卡/伊捷卡
奥硝唑阴道栓,潇然
胸腺五肽注射液,和信
复方福尔可定口服溶液,奥斯灵
拉莫三嗪片,安闲
重组甘精胰岛素注射液,长秀霖
30/70混合重组人胰岛素注射液,甘舒霖30R
托西酸舒他西林片,博德/倍宗/舒氨/施利静
盐酸昂丹司琼注射液,欧贝/富米汀/枢丹
盐酸伐昔洛韦分散片,丽科分
氟尿嘧啶氯化钠注射液,普力达/福可/佐定/弗米特/森汀/安特凡
己酮可可碱肠溶片,舒安灵
对乙酰氨基酚滴剂,百服咛/一滴清/泰诺林/爱尔星
b型流感嗜血杆菌结合疫苗,呵儿贝
水杨酸复合洗剂,比之可
气管炎疫苗,福安特威
氯氟舒松涂剂,哈乐特
曲昔派特胶囊,科芬奇
阿奇霉素胶囊,洛奇/泰力特/维宏
盐酸环丙沙星片,贝斯特/林青
复方苯硝那敏片,希力舒
注射用氟氯西林钠,伊芬
多索茶碱葡萄糖注射液,迈平希/奕利/中宝索迪/纳德来/安利诺尔/绿萌/新西平/舒志/菲特艾斯/帅安
酚咖颗粒,普乐宁
肠内营养混悬液(TP),能全素
更昔洛韦氯化钠注射液,迪都
环孢素软胶囊,新赛斯平/田可
左氧氟沙星片,可乐必妥
氨酚帕马溴片,艾佳
注射用倍他米松磷酸钠,贝施利/正妥
抑肽酶氯化钠注射液,壹枚泰
盐酸噻氯匹定片,齐洛/抵克立得/迈乐/天新利博
利塞膦酸钠片,唯善/吉威
复方氨酚烷胺胶囊,泰克
盐酸格拉司琼片,枢星/雷赛隆
氨苄西林丙磺舒颗粒,卓彤
依普黄酮胶囊,安体芬
重组人干扰素α2а栓,奥平
氨苄青霉素钠栓,安泰林
注射用利福平,维夫欣
萘普生钠片,安理
醋氯芬酸肠溶胶囊,分可靖
乌拉地尔注射液,劳麦纳/裕优定
注射用西咪替丁,英曲/诺美舒/海扶鑫/尤尼丁/唐丰
贝敏伪麻片,备疏
扎来普隆分散片,安云
头孢丙烯片,希能/施复捷
盐酸洛哌丁胺胶囊,腹泻啶/易蒙停
酒石酸长春瑞滨软胶囊,盖诺
注射用重组人干扰素α2a(酵母),万复洛
硒酵母片,西维尔
替加氟氯化钠注射液,岐星
枸橼酸钙片,司特立
烟酸占替诺葡萄糖注射液,尔复迈/怡汀
奥硝唑葡萄糖注射液,圣诺安
重组人干扰素α2b栓,安达芬/爽因洁
注射用A群链球菌,康赛宁/沙培林
注射用门冬氨酸钾镁,圣益格/维欧路/佳美/天甲美/护天保/欣美佳/妥奇/威乐诺/迪双安/夫泰安妥
二羟丙茶碱葡萄糖注射液,若畅
吡拉西坦口服溶液,思泰
低分子量肝素钙注射液,尤尼舒/博璞青
便隐血胶体金检测试纸,消康保
氧氟沙星注射液,安利/安福乐/阳达宁
复方氨酚甲麻口服液,纳尔平
阿莫西林克拉维酸钾(2:1)咀嚼片,洛得
奥沙普秦肠溶片,奥克清/诺松
注射用重组人粒细胞巨噬细胞刺激因子,金磊赛源/里亚尔/健白/赛皑尔/迪利升/尤尼芬/赛源
复方阿嗪米特肠溶片,泌特
琥乙红霉素胶囊,利君沙
降纤酶注射液,赛而
重组人红细胞生成素注射液,依普定/诺之素/宁红欣/益比奥/怡普利/佳林豪
人用狂犬病疫苗(地鼠肾细胞),福尔博
阿西美辛胶囊,顺松
司帕沙星片,世保扶/森澳欣/巴沙/海正立特
奥氮平片,悉敏/欧兰宁
枸橼酸钙咀嚼片,凯替
复方甘草含片,甘帝欣
卡巴胆碱注射液,卡米可林
谷氨酰胺颗粒,安凯舒
葛根素滴眼液,达靓
大蒜素葡萄糖注射液,辰田
重组人干扰素α2b注射液,辛化诺/安达芬/凯因益生
维生素E烟酸酯胶丸,维麦欣/顶荣
多索茶碱口服溶液,安赛玛
盐酸尼卡地平葡萄糖注射液,卡舒泰
二丙酸倍他米松乳膏,迪安松
注射用美罗培南,倍能/海正美特
葛根素氯化钠注射液,沙赛博通
利福昔明胶囊,希捷/紫军/弗皆亭
草乌甲素胶丸,关维
盐酸吡硫醇注射液,信特/灵博康/英罗恩/天叔清/益首
精蛋白重组人胰岛素注射液,优思灵 USLIN N/万邦林/甘舒霖N/万邦林N/苏泌啉恩
黄体酮胶囊,益玛欣
酒石酸托特罗定片,宁通/舍尼亭/特苏安/贝可/乐在/海正内青
A、C、Y、W135群脑膜炎球菌多糖疫苗,盟威克　Menwayc
美洛昔康凝胶,吉康宁
盐酸噻氯匹定胶囊,玉川通/邦解清/彼迪力得/辰欣/板苏
注射用盐酸精氨酸,先京/逸欣/先丁
克洛己新片,正大素克
低分子量肝素钠注射液,乐尚/吉派林/齐征/海普宁/赛络喜平
米格列奈钙片,法迪
奥美拉唑钠肠溶片,奥韦康/利韦廷/苹芳淑
盐酸头孢他美酯胶囊,安塞他美/华仙美/安素美/力欣美
氨酚伪麻那敏颗粒,服克
头孢拉定胶囊,迪拉/泛捷复
对乙酰氨基酚口服溶液,帕拉辛/百服咛
替硝唑葡萄糖注射液,希普宁/福路宁/华尔复/普洛施/双鹤荻达
胸腺蛋白口服溶液,欣洛维
双价肾综合征出血热纯化疫苗,佑尔健
吲哚美辛缓释胶囊,美达新/比诺
氧氟沙星氯化钠注射液,奥迪扶康/奥复星
丙酸倍氯米松粉雾剂,贝可乐
枸橼酸铋雷尼替丁片,金得乐
布洛伪麻片,扑风清/诺合/雅克/爱菲乐/双佶
雷贝拉唑钠肠溶片,波利特/瑞波特/安斯菲/信卫安
盐酸纳洛酮舌下片,风度
格列美脲片,力贻苹/佳和洛/安多美/万苏平/安尼平/伊瑞/迪北/亚莫利/阿茉立/圣平/科德平
阿莫西林克拉维酸钾分散片(7:1),君尔清/铿锵/盛西凯
奥拉西坦注射液,倍清星/欧兰同
注射用呋塞米,阿西亚
盐酸氨溴索缓释胶囊,百沫舒
氟罗沙星片,多米特定/沃尔得
富马酸氯马斯汀干混悬剂,浪静
利鲁唑胶囊,协一力
盐酸氨溴索片,平坦/贝莱/双倡/沐舒坦/安普索/考夫克/润津/兰苏
富马酸阿奇霉素片,亿松
愈酚甲麻那敏分散片,西尔克
舒林酸片,枢力达
盐酸丁丙诺啡舌下片,舒美奋/沙菲
注射用肌氨肽苷,万汀/韦司宁/丽生斯泰/欣咯而泰/安珐布/维欣开/维健欣
复方甲麻口服溶液,康裕登通
重组人表皮生长因子凝胶,易孚
氨甲环酸氯化钠注射液,捷宁/捷凝/贝瑞宁
复方磺胺甲噁唑钠滴眼液,乐敦康
美敏伪麻溶液,艾平/惠菲宁
萘普生钠颗粒,杰捷
罗红霉素胶囊,仁苏/亚力希/信虹/朗素/洛司美/力弗/齐威/罗君青/赛乐林/蓓克
克林霉素磷酸酯外用溶液剂,知芙保
利巴韦林葡萄糖注射液,威锐克
50/50混合重组人胰岛素注射液,甘舒霖50R
注射用醋酸奥曲肽,星安忆/培新/金迪林/生奥定
马来酸氨氯地平片,奥万路/可苹/伏络清/宁立平
胞磷胆碱钠氯化钠注射液,久安苏欣/顺坦/加简/思可林/彼迪明/洁维苏/理枢/滨舒/辰旺/先立科/欧迈/鑫通/益落清/亿丹
注射用盐酸托烷司琼,瑞齐泰/罗亭/赛格恩/纾吉
甲磺酸左氧氟沙星注射液,特夫比克/利复星
美洛昔康片,节宗/宏强/普利洛/赛可斯/迈洁/迈力可/可伊/和畅/洛珂/莫刻林/莫乐新/络贯健/美尔同/安立青/则立/优尼/清轻/莫比可
注射用甲硫氨酸维B1,倍辛/百扶力/保甲维/博仕多安/欣源达/天芪/维必莱/甘度欣/孚尔健/维定喜/维力/西比康
凝结芽孢杆菌活菌片,爽舒宝
盐酸多西环素肠溶胶囊,永喜
双氯芬酸钠缓释片(Ⅴ),天新利德
盐酸西替利嗪片,联双/立泯/贝分/希特瑞/昔利/适迪/希瓦丁/威狄敏/爽特/安迪片/西可韦/达内/比特力/敏达/安迪西司
天麻素注射液,天眩清
头孢克肟干混悬剂,扶欣抗/安的克妥/魁克/立健克
亚叶酸钙片,欧力/福能/同奥/盖尔青
尼妥珠单抗注射液,泰欣生
盐酸非那吡啶胶囊,怡度
丙硫氧嘧啶肠溶片,敖康欣
胶体果胶铋颗粒,唯迪亚
盐酸羟甲唑啉喷雾剂,达芬霖
盐酸西替利嗪胶囊,盈信美舒/怡蒙/伊维妥
双氯芬酸钠喷雾剂,思孚欣
依诺沙星注射液,的星力
阿克他利片,安吉欣/凯迈思
阿奇霉素糖浆,顺峰康奇
前列地尔注射液,凯时/凯彤
氯碘羟喹乳膏,珂艾林
甲硝唑缓释片,华适/一孚晴
复方维生素B12软膏Ⅱ号,实尔新
双氯芬酸钠贴片,来比新
米诺地尔酊,蔓迪
曲安奈德益康唑乳膏(Ⅱ),扶严宁
奥硝唑注射液,优伦/普司立
双氯芬酸钠缓释片,迪根/芬迪宁/扶他林/路林
醋酸钙片,斯林妥
青霉素V钾颗粒,维百斯/力特尔新
盐酸普萘洛尔缓释片,百尔洛/普乐欣
左卡尼汀口服液,东维力
己酮可可碱肠溶胶囊,维友
利巴韦林颗粒,同欣/利力宁
猪免疫球蛋白口服液,不拉拉
注射用硫酸西索米星,洛利/德宝益/奥加西
乳酸司帕沙星片,力贝尔/星特
硫酸阿托品眼用凝胶,迪善
司他夫定片,迈思汀
棓丙酯葡萄糖注射液,新澳康/海盟维宁/倍治/蓓博/美立鲁
聚维酮碘阴道泡腾片,艾迪尔
盐酸伊托必利片,凯亭/奥为仙/瑞复啉
头孢克肟咀嚼片,洛伟克
马来酸曲美布汀胶囊,瑞健
甲型乙型肝炎联合疫苗,倍尔来福
盐酸曲马多缓释片,倍平/奇迈特/愈通/泰德洛/曲腾/奇曼丁/替马尔/舒敏
甲磺酸酚妥拉明胶囊,启伟/普丁阳
阿奇霉素片,明齐欣/浦乐齐/维宏/希舒美
复方氨基酸注射液(17AA-H),绿甘安
洛伐他汀片,雪庆/海立片/洛之达/欣露/罗华宁
佐匹克隆片,三辰/金盟
阿莫西林克拉维酸钾分散片(4∶1),尤林加
盐酸尼卡地平注射液,毓罗通/贝尔平/仙立
盐酸吡硫醇葡萄糖注射液,安洁德欣
重组人干扰素α2a凝胶,忆林
奈韦拉平胶囊,艾极/立维尔/伟乐司/艾韦宁
复方头孢克洛胶囊,浦快/安卜
盐酸奥昔布宁缓释片,依静
鞣酸小檗碱膜,斯娜格
注射用头孢美唑钠,悉畅/美之全/毕立枢
伊维菌素片,海正麦克丁
氧氟沙星胶囊,泰福康/瑞达
盐酸洛美沙星分散片,百夜星
培哚普利片,雅施达
注射用七叶皂苷钠,麦通纳
果糖二磷酸钠注射液,博维赫/瑞安吉
复方布洛芬凝胶,捷乐
盐酸雷尼替丁氯化钠注射液,菁璐/孚卫/东易/可奥斯
复方卡托普利片,开富特
注射用丙氨酰谷氨酰胺,仲新太/欣坤畅/谷二安/重太
盐酸林可霉素注射液,丽可胜/济民力克
吲哚美辛滴眼液,露奇
复方醋酸地塞米松凝胶,优诺平
氢溴酸右美沙芬滴鼻液,德可思
硝酸异山梨酯缓释胶囊,安其伦
克拉霉素胶囊,保诺/普迈/圣诺得/可枚辛/百红优/绿舒/维朋/柯力仙/康卡/双川/奈尔/桑美/泰每拉/怡弘/宜仁/利迈先/福可星/美博/沙迪/劲克/卡瑞斯/莫欣/裕君先/沃卡/桂龙诺克/赛红/佳诺奇
头孢丙烯颗粒,凯可之
苯佐卡因糊剂,欧吉
注射用石杉碱甲,瑞立速
氟罗沙星葡萄糖注射液,富络克/济民福欣/辰龙罗欣/华仁诺同/千乐安/福路新/护康
盐酸伊托必利分散片,威太
硝苯地平缓释片(Ⅰ),得高宁
果糖氯化钠注射液,甘乐力/丰海平
盐酸米多君片,安得林/米维
萘丁美酮颗粒剂,奥赛金
缩宫素鼻喷雾剂,奥赛托星
吗替麦考酚酯分散片,顺友/赛可平
萘哌地尔片,司坦迪/再畅/君列欣/博帝/那妥/浦畅/帝爽/坤达
吗替麦考酚酯胶囊,骁悉
复方硫酸亚铁叶酸片,益源生
福辛普利钠片,蒙诺
匹多莫德口服溶液,芙露饮
复方磺胺甲噁唑片,复方新诺明片
替硝唑片,可立泰
维生素C氯化钠注射液,嘉欣
重组人干扰素α2b阴道泡腾胶囊,辛复宁
愈美胶囊,利凡优
乳酸环丙沙星注射液,华昱/悉复欢/希普欣/世普欢
小儿伪麻美芬滴剂,艾畅
齐多夫定片,鼎特/浦希丁/克度
对乙酰氨基酚颗粒,素廷
青霉素V钾分散片,邦宁沙吉
尼索地平胶囊,蒂益欣/锐地/博平
盐酸左氧氟沙星片,彼妥/乐郎/一品/妥必来/刻定/左复可
金葡素注射液,恩格菲/高聚生
酪酸梭菌活菌片,常立宁
盐酸洛美沙星滴眼液,哥台/乐芬
注射用单唾液酸四己糖神经节苷脂钠,申捷
醋酸甲羟孕酮胶囊,倍恩
冻干静注人免疫球蛋白(pH4),博欣
甲磺酸双氢麦角毒碱片,喜得镇
西沙必利片,畅维禧/曼赛得/谓富莱/普瑞博思/怡瑞
盐酸左布诺洛尔滴眼液,贝他根
加巴喷丁胶囊,迭力/派汀
注射用盐酸头孢甲肟,恩诺尼/雷特迈星
双扑伪麻片,康利诺/海王银得菲/彼诺
利巴韦林分散片,南元/奥佳
注射用牛肺表面活性剂,珂立苏
盐酸莫索尼定片,奥一定/美迪尔舒/爻克/雅尼定/美罗平
依托度酸片,舒雅柯/依特
复方盐酸阿米洛利片,蒙达清/武都力
氯雷他定颗粒,伊利欣/华畅
硫酸奈替米星氯化钠注射液,君欣/凯保敏
盐酸氨基葡萄糖胶囊,维尔固/葡立
硫酸氨基葡萄糖钾胶囊,留普安
复方维A酸凝胶,芙晴
普卢利沙星片,加欣/天赞/迅奥/艾弗德/易启迪
头孢丙烯分散片,银力舒
盐酸二甲双胍肠溶片,君士达新
马蔺子素胶囊,安卡
培哚普利吲达帕胺片,百普乐
替硝唑氯化钠注射液,济得/捷洛林/裕宁
亚叶酸钙胶囊,欧力/亚复欣
氟米龙滴眼液,艾氟龙
脑蛋白水解物氯化钠注射液,普沁/唛吉沥
硫酸妥布霉素注射液,泰星
注射用硫酸小诺霉素,君为/洛意
联苯乙酸搽剂,凡可辛
阿加曲班注射液,达贝
尼索地平软胶囊,欣雪平
氢溴酸右美沙芬注射液,双红灵
氟康唑分散片,弘旭光
刺五加颗粒,Ciwujia Keli
盐酸丁咯地尔注射液,赛莱乐/意速/活诺林/世多泰
注射用比阿培南,诺加南/安信/天册/华劲
双嘧达莫氯化钠注射液,普奇澳
注射用双氯芬酸钠利多卡因,瑞立泰/万严亭
A群C群脑膜炎球菌多糖疫苗,御脑宁A+C/梦灵康
阿德福韦酯片,代丁/贺维力/阿甘定/久乐/亿来芬/丁贺/粤宝/利福之/欣复诺/优贺丁
琥乙红霉素片,利君沙
甲硝唑阴道凝胶剂,尼美欣
二乙酰氨乙酸乙二胺氯化钠注射液,奉林/欣加吉/丹泉/柏芮/红亭/艾米斯/瞬灵/长富素/诺止林/德益宁/宁液/君怡/邦止林新/邦林/依伦定/佳申
注射用高三尖杉酯碱,赛兰
厄多司坦胶囊,阿多停/坦通/和坦
硫酸沙丁胺醇缓释胶囊,西倍他/爱纳灵
头孢拉定干混悬剂,泛捷复
外用盐酸氨酮戊酸散,艾拉
金诺芬片,瑞得
阿莫西林克拉维酸钾(4:1)干混悬剂,灵胜再林/棒林
阿托伐他汀钙片,阿乐/立普妥
甲磺酸培氟沙星片,达福明/维宁佳
盐酸氨溴索葡萄糖注射液,欣得生/艾沐/帅克坦/耐邦/给欣/坦刻抒/菲得欣
双氯芬酸钾片,依林/毕斯福/天君利/洛普佳/宜克林/菲亚宁/扶他捷/依柯/至清
盐酸纳美芬注射液,乐萌/抒纳
醋氨己酸锌片,卫可欣
二羟丙茶碱氯化钠注射液,济民克定
吡拉西坦氯化钠注射液,康容
盐酸西布曲明胶囊,曲景/新芬美琳/苗乐/可秀/希青/曲美/澳曲轻/申之花/西丽亭/衡韵
氟康唑颗粒剂,汝宁
盐酸班布特罗片,帮备/洛希/立可菲/罗利/汇杰/奥多利
乳酸环丙沙星氯化钠注射液,赛克星
多糖铁胶囊,红源达
马来酸伊索拉定片,恒至/科玛诺/一格定
盐酸尼卡地平缓释片,卡尼亚/贝立宁
盐酸特比萘芬搽剂,丁克
七叶皂苷钠片,欧开
"茶碱愈创木酚甘油醚胶丸;无水茶碱0.15g,愈创木酚甘油醚90mg",安通
枸橼酸莫沙必利胶囊,美唯宁
注射用盐酸博安霉素,业立宁/艾普康
重组人干扰素α2a注射液,因特芬
盐酸安非他酮缓释片,悦亭
注射用双嘧达莫,凯乐迪
复方克霉唑乳膏,荷洛松
洛索洛芬钠片,乐松/若迈/洛列通/赛克同/洛那/三元舒星/安普洛/真侗言
盐酸头孢他美酯干混悬剂,康迈欣/安素美
氨酚美芬伪麻分散片,立天霖
吲达帕胺片,伊特安
愈美片/愈美片(包衣片),惠菲宣
丙戊酸钠口服溶液,德巴金
注射用重组人Ⅱ型肿瘤坏死因子受体-抗体融合蛋白,益赛普
愈美颗粒,华芬
注射用硫酸奈替米星,延帕瑞/乃迪/康力星/妥星/普奇/普奈新/德洛佳/迈米欣/安捷星/瑞杉/锋可耐/倍兴/奥广素/洛吉/孚茵/特迪/衡实/瑞朋/苏盟
酚麻美敏口服溶液,苏复/泰诺/彤贝得
头孢氨苄缓释胶囊,申嘉
胶体果胶铋干混悬剂,华纳福
乳酸环丙沙星滴眼液,秋露
氨来呫诺口腔贴片,立克邦
头孢地尼分散片,希福尼
盐酸氯雷他定胶囊,道敏奇
阿仑膦酸钠片,福善美/固邦/天可
盐酸曲马多注射液,奇迈特
己酮可可碱葡萄糖注射液,太通/潘多喜莱/嘉立博/辛弗/奥酮/点可舒
右旋酮洛芬肠溶片,芬利
注射用盐酸头孢吡肟,士瑞平/卡洛欣/先可诺/罗欣威/达力能/康利沃普/来比信/灵迪/信力威/悦康凯欣/派奈欣/立斯平/英兰/博帅/恒苏/马斯平
注射用硫酸阿奇霉素,维路得
咪喹莫特乳膏,天锐/丽科杰/南博/联邦艾德欣/明欣利迪
注射用重组人白介素-2(125Ala),欣吉尔
雌三醇栓,伊特乐
九一散,九一散
赖氨匹林散,来比林
单硝酸异山梨酯缓释胶囊(Ⅰ),艾司莫
十一酸睾酮软胶囊,诺仕
盐酸克林霉素阴道泡腾片,馨琦
愈美分散片,玉卡
非诺洛芬钙胶囊,飞林
右旋糖酐70滴眼液,润齐
左羟丙哌嗪片,海王抒畅/可畅/润汇
乳酸亚铁片,贴鑫/丹珠
酮咯酸氨丁三醇注射液,尼松
甲磺酸齐拉西酮注射液,力复君安
复方α-酮酸片,开同
二甲双胍格列本脲片(I),威能/唐柯柠/安禾/双平乐/立将/绛兮
恩曲他滨胶囊,新罗舒/惠尔丁
乙型脑炎减毒活疫苗,杰益维
水飞蓟宾胶囊,水林佳
膦甲酸钠氯化钠注射液,易可亚/可耐
注射用长春西汀,最醒/元妥/同铭/维力明/丁那/宁绪欣/易齐先/百锐得/立环/长贵青/丽诺生/博健
维生素C口含片,高喜
注射用氨酪酸,异安芬/替他宁/格勒斯特/凯络/欣诺舒/为丁
盐酸精氨酸葡萄糖注射液,净宁/普洛川/康司科韦/华士艾尔
盐酸雷尼替丁片,西斯塔/兰百幸/欧化达
复方甘露醇注射液,普可/丰海露/伸宁
蚕蛹补肾胶囊,太森
硫酸沙丁胺醇缓释片,沙博特/品川
盐酸氨基葡萄糖片,九力/步迈新
注射用美洛西林钠舒巴坦钠,凯韦可/开林/佳洛坦
加替沙星注射液,莱美清/加恒兴/乐派/千意/玛马维奇/利欧/芙蒂星/同博/海超
恩氟烷,易使宁
拉呋替丁分散片,乐美汀
丁苯羟酸乳膏,可润
头孢克洛胶囊,可福乐/希刻劳/苏刻乐/新达罗/喜福来/胜寒
地衣芽孢杆菌活菌胶囊,整肠生
注射用新鱼腥草素钠,善安/新立太/毕清素/君健/隆格康/丽思青/荷普福/孚每信/福欣威/瑞兴予/派迪/仁甘泰/兰宇
氨酚伪麻那敏咀嚼片,凡诺
巴柳氮钠颗粒,塞莱得
注射用重组人白介素-2(125Ser),泉奇
顺铂注射液,诺欣
复方伪麻黄碱口服溶液,同舒
双歧杆菌四联活菌片,思连康
阿奇霉素颗粒,泰力特/再奇/岩沙/罗欣快宇/赛奇
阿佐塞米片,雅利
盐酸萘替芬软膏,芳迪
复方氯化钠滴眼液,乐敦清
硝酸硫康唑喷雾剂,革选
甘氨酸茶碱钠片,甘非林
布洛伪麻胶囊,芬世达/得尔
双氯芬酸钠栓(Ⅱ),同杜叮
多种微量元素注射液(Ⅱ),安达美
盐酸帕洛诺司琼注射液,诺威/止若
复方甲硝唑栓,孚舒达
精氨酸阿司匹林片,太林
氨酚伪麻那敏分散片,新立克
盐酸地尔硫卓注射液,太韦特
注射用重组人白介素-11(Ⅰ),百杰依
硫酸小诺霉素片,美罗克
复方氯唑沙宗片,鲁南贝特
铝镁加混悬液,安达
注射用氨甲环酸,力达非/他久舒/荷莫塞/卡维安
马来酸氯苯那敏缓释胶囊,惠济
阿莫西林克拉维酸钾片(14:1),安奇
托西酸舒他西林分散片,贝隆
复方七叶皂苷钠凝胶,欧莱
硫酸吗啡缓释片,美施康定
硝酸咪康唑散,达克宁
复方水杨酸甲酯乳膏,联邦清风
苯溴马隆片,尤诺/尔同舒
替硝唑胶囊,迪克新/乐净/晓力/替尼津/捷力
托拉塞米胶囊,丽芝
缬沙坦片,缬克
利培酮片,卓菲/卓夫/思利舒/敬平/单克/索乐/维思通
厄多司坦片,露畅
碳酸钙颗粒,纳诺卡
苯扎贝特片,益之特/阿贝他
硝酸咪康唑阴道片,吾玫
注射用脑蛋白水解物,瑞奇妥芬/安谱福/曲奥/舒瑞泰/韦司平/尤尼泰/宁泽欣
盐酸乌拉地尔注射液,利喜定
氟康唑注射液,依利康/仟德/科达康/康立因/乾意/双威独青/康锐/芙芃星/扶亢/文清/曲尔曼多/维可衡
西吡氯铵含漱液,依信/雅量/爱诺天健
依托咪酯脂肪乳注射液,福尔利
盐酸曲马多缓释片(Ⅱ),曲同康
吲达帕胺胶囊,纳斯力妥/安泰达/希尔达
盐酸曲马多葡萄糖注射液,曲芬/达吗尔/依诺兴
鞣酸蛋白散,单那尔滨
富马酸酮替芬滴眼液,贝卡明
甲磺酸左氧氟沙星胶囊,特夫比克
注射用维库溴铵,仙林
滴鼻用安乃近溶液片,迪爽
注射用复方二氯醋酸二异丙胺,克瑞特/雅普宜/尔祺
乳酸左氧氟沙星注射液,壮源
氨愈美麻片,华而灵
盐酸司来吉兰片,金思平/辅安
葡萄糖酸锌喷鼻剂,屏安
重组人白细胞介素-2(125Ala)注射液,欣吉尔
葡萄糖酸钙氯化钠注射液,维立添
注射用阿莫西林钠舒巴坦钠(2:1),力坦/威奇达
右旋酮洛芬氨丁三醇片,葵拉兰
破伤风人免疫球蛋白,蓉生逸普
联苯苄唑阴道片,惠复得/孚宁
注射用哌拉西林钠舒巴坦钠(4:1),益坦/百定/派纾
苯甲酸利扎曲普坦胶囊,欣渠
酚麻美敏片,泰诺
琥珀酸舒马普坦胶囊,纳川
非洛地平片,联环尔定
维生素C泡腾片,力度伸
盐酸特比萘芬喷雾剂,彼孚特/丁克
贝诺酯分散片,益诺
盐酸特比萘芬阴道泡腾片,丁克
注射用乳酸诺氟沙星,益莱
注射用紫杉醇脂质体,力扑素
氧氟沙星阴道泡腾片,奥卫特
氧氟沙星滴眼液,恒润/东康明/信利妥/迪可罗/捷孚
复方双氢青蒿素片,安立康
来曲唑片,芙瑞
磷酸苯丙哌林颗粒,哌欣
唐氏综合征产前筛查系统,贝喜
聚维酮碘溶液,艾利克/日洁宁/丽泽
盐酸地尔硫片,沁尔康
醋酸地塞米松软膏,迪达
注射用硫辛酸,奥天利
盐酸戊乙奎醚注射液,长托宁
门冬氨酸钙片,阿斯卡
更昔洛韦胶囊,丽科乐
乳糖酸克拉霉素胶囊,瑞源
羟苯磺酸钙胶囊,可元/安多明/昊畅/达士明
碳酸钙口服混悬液,兰达
二硫化硒洗剂,希尔生
氯雷伪麻缓释胶囊(Ⅱ),壮奇
盐酸环丙沙星滴眼液,新洁明
瑞格列奈片,孚来迪
注射用酒石酸长春瑞滨,穗宾/艾克宁/康能/盖诺
促肝细胞生长素肠溶胶囊,福锦
维A酸胶囊,迪维
枸椽酸托瑞米芬片,枢瑞
注射用胸腺肽α1,和日/基泰
盐酸洛美沙星注射液,龙化素/禾乐新/百德/洛威
注射用复方甘草酸单铵S,昕康/诺豪/卫算苏/感佑林/妥迪/康尔宁/宇立森/尤尼迪/甘木舒
克林霉素磷酸酯溶液,达芬蓉
奥硝唑栓,美尔凯/亚洁/瑞申
重组牛碱性成纤维细胞生长因子外用凝胶,贝复新
美他多辛片,甘忻
盐酸罗哌卡因注射液,恒洛/卓坦
甲钴胺片,加利保/亚宝力维/兆敏欣/弥可保/博迪同/博可保/欧维/代芳/禾保/爱柯保/成强/弥诺/麦拓/奇信/怡神保
复方茶酮缓释片,旭宏
多烯磷脂酰胆碱胶囊,易善复
硫酸特布他林片,博利康尼
盐酸苯环壬酯片,飞赛乐
重组B亚单位/菌体霍乱疫苗(肠溶胶囊),可唯适
磷霉素钙片,维尼康
替米沙坦片,曲亚/诺金平/沙汀宁/隆舒雅/洛格乐/赛卡/平克亚欣/沙泰齐/美斯/特立康/舒尼亚/嘉瑟宜/雪盈平/安怡宁/迪赛平/博欣舒/欧美宁/亚邦恒贝/毓乐宁/天易/斯泰乐/尼德舒/利来客/施吉/坦芯素/恒雪素/欣益尔/立文/常平/浦美特/邦坦/康楚/蒂益宁
奥利司他胶囊,赛尼可
多巴丝肼片,美多芭
乳酸左氧氟沙星葡萄糖注射液,安泛正/赛尔斯宁/介容/云可迪
鲑降钙素注射液,翰欣/固泰宁/邦瑞得
氯雷他定伪麻黄碱缓释片,琦克
注射用盐酸拉贝洛尔,欣宇森
单硝酸异山梨酯缓释胶囊(IV),异乐定
注射用头孢哌酮钠,达诺欣/依美欣
盐酸米托蒽醌注射液,米西宁
氯雷他定分散片,雷宁
注射用维生素B6,菲力古/洁傲/昊强/申凯能
硫酸特布他林口服溶液,博利康尼
谷氨酰胺胶囊,自维
丙氧氨酚复方片,同立妥
萘普生缓释片,澳普利
注射用异环磷酰胺,匹服平
注射用尤瑞克林,凯力康
泛昔洛韦胶囊,彼欣/明立欣/仙林纳
葛根素葡萄糖注射液,麦瑞缘/中宝力舒/普润/由若/辛疏
注射用托拉塞米,泽通
环孢素口服溶液,新赛斯平/田可
地氯雷他定片,地恒赛/芙必叮/信敏汀
碘[131I]肿瘤细胞核人鼠嵌合单克隆抗体注射液,唯美生
消旋卡多曲颗粒,杜拉宝/丰海停
盐酸头孢他美酯片,康迈欣/威锐/康迪欣/珍良/特普欣/联邦赛福美
阿司匹林分散片,司尔利
盐酸多奈哌齐胶囊,加奇/赛灵斯/盖菲
复方普萘洛尔咖啡因片,迪尔康欣
重组人干扰素α2b软膏,里亚美
布洛芬混悬液,迪尔诺/美林/吉浩/雅维
复方薄荷脑软膏,曼秀雷敦栢可
注射用培美曲塞二钠,普来乐/捷佰立/怡罗泽
头孢呋辛酯胶囊,立健新/希路信/达力新/澳舒
盐酸洛美沙星胶囊,逸林/迁迪/洛威/乐贝新/奇米高/奇洛先/诺灵盾
复方碳酸钙咀嚼片,罗内
盐酸马普替林片,路滴美
氯化钠注射液,无
猪源纤维蛋白粘合剂,倍绣胶
西地碘含片,华素片
注射用复方骨肽,谷正/古杰/古愈
磷酸苯丙哌林口服溶液,科特/咳哌宁/可立停
阿莫西林克拉维酸钾(14:1)干混悬剂,今利辰
甘草酸二铵氯化钠注射液,甘利欣
硫酸特布他林注射液,苏顺
双歧杆菌三联活菌胶囊,培菲康
二氯乙酸二异丙胺胶囊,博朗
萘普生钠胶囊,倍利
左氧氟沙星氯化钠注射液,可乐必妥
双氯芬酸钾喷雾剂,吉松
注射用克林霉素磷酸酯,凯甫菲/益君定/札威/洛庆/奥丽先/可欣林/傲地/博乐/德宝生/曼奇/健奇/金格多那
酪酸梭菌活菌散,宝乐安
硝酸毛果芸香碱片,瑞尔欣
硫酸阿米卡星氯化钠注射液,米丽先/米英杰
苯甲酸雌二醇软膏,意泰丽
乙酰吉他霉素颗粒剂,田草
格列齐特分散片,弘旭阳
注射用盐酸索他洛尔,元齐/伟特
多潘立酮分散片,邦能
复方克霉唑软膏,荷洛松
盐酸二甲双胍缓释胶囊,唐落/山姆士/佰思平
洛伐他汀颗粒,乐活
联苯乙酸凝胶,通尔其/凡可辛
盐酸曲马多分散片,祥阳/曲通
富马酸托特罗定片,司培尔
氨酚曲马多片,及通安
奥美拉唑肠溶片,双鲸吉立/赛奥/奥西康/爱尼/绅丽雨
盐酸纳曲酮片,诺欣生
替比夫定片,素比伏
硫酸氯吡格雷片,波立维
注射用头孢地嗪钠,高德/力勉
阿立哌唑片,安律凡/奥派/博思清
环磷腺苷葡萄糖注射液,欣颐/灵尔彤/可中
辅酶Q10胶丸,辅辛
注射用磷酸川芎嗪,均达奎/连通/奥力得/博盈康/尤尼怡/力络新/彤迪/美珞秦/非可安/丰与力/悦康素欣
复方消旋山莨菪碱滴眼液,康明
卡铂注射液,波贝
氨咖黄敏口服溶液,安贝特
注射用葡萄糖酸依诺沙星,必采尼/喜莫比/辽沙/天君迪/唐人欣/杰瑞纳/葡络/谱安康生/博仕多邦/宁宇欣/因瑞清/瑞羚聚/卡西诺/朗济德/美风/维普欣/依益/力得佳/凯全
复方β-胡萝卜素胶囊,贝西伊
愈美片,可坦/再顺
六味地黄胶囊,不使用商品名称
注射用肝水解肽,朗度
注射用地塞米松磷酸钠,多他可美/息洛安/戈达利/众益美松
法罗培南钠颗粒,忾林
阿奇霉素干混悬剂,维宏/希舒美
玻璃酸钠注射液,施沛特/爱维
外用重组人碱性成纤维细胞生长因子,扶济复/盖扶
吲哚美辛口服混悬液,鹤临口服液
注射用重组人白细胞介素-11,欣美格/吉巨芬/特尔康
咖酚伪麻片,菲斯特
注射用奥扎格雷钠,康恩
盐酸多塞平乳膏,丽科宁
甘油果糖氯化钠注射液,布瑞得
盐酸左氧氟沙星滴眼液,朗悦/联邦左福康/海伦
酮咯酸氨丁三醇片,尼松
注射用心肌肽,开地米丁
甲磺酸多沙唑嗪片,必亚欣/双将平/今倡/多喜林/伊舒通/东港天乐/络欣平/仲维/伊粒平
盐酸格拉司琼注射液,枢星/欧智宁/雷赛隆
氯屈膦酸二钠胶囊,迪盖纳/德维
奥沙普秦胶囊,鲁明奥欣
注射用重组人粒细胞巨噬细胞集落刺激因子,特尔立/吉洛因/海之林/吉爱姆/奇贝
比卡鲁胺胶囊,岩列舒
氨酚维C分散片,布瑞芬
注射用利巴韦林,柯萨/利迈欣/奇力青/奇力威林/锐迪/均达坦
托拉塞米注射液,特苏尼/丽泉
盐酸丁螺环酮片,苏新/一舒/奇比特
硝苯地平缓释片,纳欣同
尼美舒利分散片,皇星云舒/力美松/瑞普乐/利诺刻/山易亭
盐酸噻氯匹啶缓释片,泰禄达
聚维酮碘栓,丽乐
阿昔莫司分散片,益平
注射用盐酸多西环素,艾瑞得安/万士奇
复方吡拉西坦胶囊,杰思林
氢溴酸右美沙芬分散片,迈生/可乐尔
布洛芬咀嚼片,邦奇
奥沙拉秦钠胶囊,畅美
甲磺酸培氟沙星葡萄糖注射液,典沙
注射用酚磺乙胺,迅迪/艾分/卡乐/天亦舒
苹果酸氯波比利片,思谓斯
格列喹酮片,捷适/糖适平
铝碳酸镁颗粒,唯泰
醋氯芬酸片,贝速清/美诺芬
抗乙肝转移因子口服液,百利金甘泰
葡萄糖酸依诺沙星注射液,依能森
重组人干扰素α2a栓,淑润/长生德佳
注射用尿促卵泡素,丽申宝
舍雷肽酶肠溶片,曲坦
萘丁美酮胶囊,科芬汀
复方戊酸雌二醇片,逸维仙
尼美舒利片,灵泰邦尼/普威/怡美力
甲磺酸瑞波西汀片,佐乐辛/叶洛抒
阿德福韦酯胶囊,阿迪仙/欣复诺/名正/爱路韦
重酒石酸长春瑞滨注射液,民诺宾
奥美拉唑肠溶胶囊,奥克/奥斯坦/克迪圣/彼司克/洛赛克/金奥康/奥立雅
钠钾镁钙葡葡糖注射液,乐加
注射用盐酸多巴酚丁胺,安畅/奥万源
阿酚咖片,新康司达/佩比加
甲磺酸加替沙星氯化钠注射液,益通/乐来/加力宁
低分子肝素钠凝胶,齐征
注射用甲磺酸帕珠沙星,派斯欣/奥尔曼/威利仙/菲迅奇/帕迪星/仁格多那/尼赛信/宣搏/君普/米斯龙/锋珠新
盐酸阿夫唑嗪片,诺舒安/维平
盐酸文拉法辛胶囊,博乐欣
氨酚待因片(Ⅱ),安度芬
注射用单硝酸异山梨酯,欣康/菲克芯康/欣奥乐/理新彤/平福
盐酸丙卡特罗气雾剂,佰达图
尼莫地平缓释胶囊,尼立苏
甲型肝炎灭活疫苗(人二倍体细胞),维赛瑞安
乙型肝炎人免疫球蛋白,上生甘迪
甲磺酸酚妥拉明片,安挺/和欣/至力
加替沙星胶囊,葵严/莱迪/百科沙/欣迪特/珈力/敢诺新/舒普仁/必致/严立菲/海超
对乙酰氨基酚分散片,易尚/普乐尔
枯草杆菌二联活菌颗粒,妈咪爱/Medilac-Vita
盐酸索他洛尔片,喜安林/济迪/伟特/金绿欣/施太可
复方氨基酸胶囊,圣能
碳酸钙D3咀嚼片,凯思立D
注射用硫酸依替米星,爱大/创成/潘诺
谷维素注射液,络倍静
氢溴酸右美沙芬咀嚼片,先罗可/可迪
复方氨酚葡锌片,康必得
克拉屈滨注射液,艾博定
复方甲苯咪唑乳膏,海密克/海蜜克
多库酯钠片,沂可隆
阿尼西坦分散片,顺坦
肠内营养混悬液(TPF),能全力
复方电解质注射液,勃脉力A
碘海醇注射液,欧乃派克/双北/欧苏
更昔洛韦钠注射液,辉腾
盐酸艾司洛尔注射液,爱络
磷酸川芎嗪葡萄糖注射液,丹柯/艾和富/益吉新/俊静/济民洛同/乐盖/佳丰/力格匙
丙酸倍氯米松鼻气雾剂,伯克纳
注射用甘露聚糖肽,力尔凡
注射用复合维生素B,凯渝
复方薄荷脑鼻用吸入剂,良抒
兰索拉唑肠溶胶囊,达克普隆
丙酸倍氯米松气雾剂,必可酮
注射用阿奇霉素,顺峰康奇/维宏/普阳/瑞琦霖/瑞奇/欣普瑞/洛贝尔/圣诺灵/爱米琦/泽奇/因培康/派奇/澳立平/锋达齐
马来酸曲美布汀干混悬剂,诺为
联苯苄唑乳膏,孚康/孚琪/美克
盐酸丙卡特罗胶囊,希思宁/川迪
头孢克洛混悬液,希刻劳
二羟丙茶碱氯化钠注射剂,天泉息宁
果糖二磷酸钠片,洛普欣
异维A酸凝胶,爱思洁
双环醇片,百赛诺
酒石酸长春瑞滨注射液,盖诺
盐酸洛美沙星葡萄糖注射液,益禄/庆兴
利巴韦林片,华乐沙/威利宁
盐酸丙卡特罗片,曼普特/美普清
盐酸曲美他嗪片,万爽力
23价肺炎球菌多糖疫苗,惠益康
盐酸拓扑替康胶囊,欣泽
注射用羟喜树碱,默迪奇/喜素
头孢克洛缓释胶囊,曼宁/申洛
非洛地平缓释胶囊,联环笑定
泛昔洛韦颗粒剂,万祺
沙眼衣原体检测试剂盒(乳胶法),达柯利
萘哌地尔分散片,愈畅
注射用盐酸丁咯地尔,巴阳普瑞/力欣康/赛美澳/加尔/清健/宁雪欣/斯健/瑞立达/海斯欣达/兴必得/莱斯多维/世多泰
注射用己酮可可碱,卡开/奇全/德洛威/天脉/澳乐尼/安若宁/奇铭/德宝星/欣可多那/长龙雷
胞磷胆碱钠片,欣可来
格列吡嗪片,曼迪宝/美吡达/捷贝
二氟尼柳片,宁湖舒欣
罗红霉素片,泰罗/浦虹/罗迈新/毕埃帝/欣美罗
铝碳酸镁片,达喜/威地美
盐酸托烷司琼胶囊,尼泰美/欣顺尔/赛格恩/维瑞特/迪欧平/妥立士宁
格列吡嗪缓释片,秦苏
米诺地尔溶液,斯必申/达霏欣
桂利嗪胶囊,博瑞特
罗红霉素干混悬剂,浦虹/泰罗/天凯
环磷腺苷葡胺葡萄糖注射液,凯济脉/络欣/灵健咛/雪纳瑞/葡林/澳那欣
乙型脑炎纯化疫苗(地鼠肾细胞),依生安康
盐酸硫必利注射液,维奇
卡托普利注射液,开富林
阿司匹林肠溶胶囊,伯基/益欣雪
法莫替丁钙镁咀嚼片,津诺/仕卫/唯诺平/谓屏
注射用替考拉宁,加立信
盐酸班布特罗胶囊,双鲸邦顺/贝合健/祝龙
盐酸齐拉西酮片,力复君安
茴拉西坦胶囊,三乐喜
多索茶碱颗粒,安赛玛
酒石酸唑吡坦片,诺宾/乐坦/思诺思
盐酸二甲双胍肠溶胶囊,君力达
亚叶酸钙氯化钠注射液,路维芬/爱汝昔/康达利平/力雷特/司敏乐/康莱尔/爱捷康
盐酸氨溴索胶囊,坦静
注射用氟尿嘧啶,宁兰欣/扶时可/格芬特
醋氯芬酸胶囊,贝速清/喜力特
复方氨基酸注射液(18AA-N),绿参安
阿卡波糖胶囊,贝希
重组人干扰素α2b滴眼液,安达芬
头孢呋辛酯分散片,库欣/协诺信
金黄色葡萄球菌滤液制剂,思复胜
富马酸福莫特罗片,盼得欣/安通克
盐酸洛哌丁胺颗粒剂,雅邦
福多司坦片,中畅
琥乙红霉素颗粒,乙琥威霉素冲剂/利君沙
氢溴酸西酞普兰片,迈克伟/望悠/易特安/一泰纳
西尼地平片,致欣
盐酸地尔硫卓缓释胶囊(Ⅱ),合贝爽
美愈伪麻胶囊,联环
盐酸洛美沙星滴耳液,哥台/乐芬/爱邦
克拉霉素干混悬剂,卡迈/泰必捷
头孢克洛干混悬剂,希刻劳/再克/欣可诺
苦参碱葡萄糖注射液,延仑辛/扑沙通/青典/凯得隆/目源/济丰/迈甘希/天芬/和来亿/长富升星/立甘/锐仕/森安/林希/溢甘林/天晴顺欣/华阳利清/美愈宁/信罗
多潘立酮混悬液,吗丁啉
盐酸吡格列酮分散片,万苏敏/夷友
羟乙膦酸钠片,邦特林
阿折地平片,贝琪
头孢羟氨苄胶囊,赛锋/欧意
维生素E烟酸酯软胶囊,清之维
氧氟沙星凝胶,菲宁达
二甲双胍格列本脲片,格万斯
利巴韦林泡腾颗粒,奥得清
酮洛芬缓释片,枢力昂
奥沙普秦分散片,澳谱欣
阿昔洛韦胶囊,沙威洛/天诚昔尔/爱尔新
硫糖铝咀嚼片,渭依
注射用硫酸头孢噻利,丰迪
重组人白介素-2注射液,新德路生
复方克罗米通乳膏,安夫康
注射用低分子量肝素钠,苏可诺
甘草酸二铵注射液,甘利欣
复方氯雷他定缓释胶囊(Ⅱ),惠菲顺
醋氯芬酸分散片,莱亿芬
依托度酸缓释片,依芬
高乌甲素贴片,蝶蝶宁
复方铝酸铋颗粒,得必泰
注射用苦参素,傲承/菲克甘特/益迪/瑞思妥/欧美特/逸舒松/赛尔甘/迈瑞宁/均达源/美地兰/瑞捷/诺祥/迪尔甘/库森/奥宁/同新迪
酚麻美软胶囊,灵诺
维生素C钠胶囊,新维熹
比沙可啶栓,解泰
妥布霉素氯化钠注射液,瑞诺赛
克林霉素磷酸酯葡萄糖注射液,隆格新/奇尔速/普耐同/孚帮/力深/天方力泰/景丹/汤尼威
苯磺酸氨氯地平片,兰迪/安内真/压氏达/亚斯克平/络活喜
托西酸舒他西林颗粒,博德/苏克/思海能
奈韦拉平片,艾太/诺兰频
硫酸沙丁胺醇口腔崩解片,康尔贝宁
盐酸司他斯汀片,齐齐
多潘立酮片,恒邦/吗丁啉
氧氟沙星滴耳液,安利滴耳液
米非司酮胶囊(Ⅱ),米福
乳酸亚铁口服液,拉克菲
氢溴酸右美沙芬颗粒,舒得/贝泰
盐酸特比萘芬乳膏,兰美抒
双氯芬酸钾胶囊,欣普芬/格得/得富卡/昔舒
美羧伪麻胶囊,凯茵
氟芬那酸丁酯软膏,布特
乙酰吉他霉素含片,爽宁/安吉
去氧氟尿苷片,知爱/枢绮
辛伐他汀片,米希伦/舒降之/利之舒/忆辛/西之达/苏之
去氧氟尿苷胶囊,坦诺/氟铁龙/奇诺必通/可弗/谊迪安/克托/艾丰
缬沙坦氢氯噻嗪胶囊,佳择/兰普/复欣
阿尼西坦颗粒,益灵舒
门冬氨酸钾镁葡萄糖注射液,强普金/佳合美/派可欣/玉迪宁/格美乃欣/维复德/益麦西/唯双
注射用盐酸乌拉地尔,罗浩/利喜定
茶碱缓释胶囊,迪帕米/埃斯玛隆
复方呋噻米片,福洛必
去羟肌苷肠溶胶囊,天方正元
头孢克洛颗粒,新达罗
甲磺酸倍他司汀片,敏使朗
注射用重组人白介素-11,迈格尔/依星/巨和粒
枸橼酸坦度螺酮胶囊,律康
格列美脲滴丸,瑞平
复方氨基酸注射液(18AA-Ⅶ),绿支安
美他多辛胶囊,欣立得
匹多莫德片,万适宁
肠内营养乳剂(TP),瑞素
美扑伪麻干混悬剂,蓓力德
异烟肼氯化钠注射液,胜君
注射用盐酸雷莫司琼,善成/雷迈欣/维意舒/艾可安
奥沙利铂注射液,艾克博康/艾恒
阿昔洛韦凝胶,洛芙
西拉普利片,一平苏
赖氨匹林肠溶胶囊,麦乐新
盐酸坦索罗辛缓释胶囊,哈乐
盐酸阿扑吗啡舌下片,丽科吉
复方硝酸咪康唑软膏,拜尼多
注射用左卡尼汀,芯能/律定方/双成博维/可尼尤/誉利/尼尔/克非/澳枢捷/奥贝利/卓卡/可谱妥/尼迪多/威乐瑞/盖雷
孕三烯酮胶囊,言昌
厄贝沙坦胶囊,伊泰青/普利宁/伊康宁
阿莫西林颗粒,再林
疖病疫苗,博克乐威
对乙酰氨基酚溶液,泰诺林
托吡酯片,妥泰
雌二醇控释贴片,伊尔
盐酸昂丹司琼片,欧贝/枢丹
尼索地平片,尼尔欣/可谛
盐酸洛美利嗪胶囊,后普/西瑞利
达那唑胶丸,宫福伊康
奥扎格雷钠葡萄糖注射液,丹仑/华益迈/鸿邦
注射用盐酸赖氨酸,莱安/新杰林/添亦安/爱欣威/诺莱欣/海京吴/力达安/瑞适康/尤尼明/亿复/思力加/甘络/怡宁适/雅抒/智迈欣/安万彤/赛络苏/朗德/荷安斯/威赛来
坎地沙坦酯分散片,奥必欣
利培酮口腔崩解片,可同
复方地塞米松软膏,富伊松
盐酸阿扎司琼氯化钠注射液,安世通/丁悦/天晴日安/欧亭/依琼/感苏/瑞帝苏/怡苏林
乙氧苯柳胺软膏,艾迪特
硫酸小诺霉素口服溶液,美罗克
阿昔莫司胶囊,司里蒙/益平
复方甘草酸单铵S氯化钠注射液,抒康林/里威尔/依诺维/比孚/迈能/业欣
注射用盐酸格拉司琼,格欧舒/中泰怡新/美芙琼/佐坦/君凯
注射用头孢地秦钠,金汕秦/康丽能
甲磺酸二氢麦角碱缓释胶囊,培磊能
他扎罗汀乳膏,乐为
女宝胶囊,WS3-B-0888-91
塞曲司特颗粒,畅诺/麦须佳
注射用重组人促红素(CHO细胞),怡宝/依倍
盐酸米诺环素胶囊,康尼/美克威/玫满/美侬
藻酸双酯钠片,必索
脂肪乳注射液(C14～24),英脱利匹特
复方地舍平片,降压乐片
甲型肝炎灭活疫苗,孩尔来福
茶碱沙丁胺醇缓释片,易息晴
头孢拉定分散片,申优
氟康唑气雾剂,信利唑
甲磺酸加替沙星葡萄糖注射液,邦赛/钰均泰
尼麦角林注射液,史诺达/雅润基
甲磺酸帕珠沙星注射液,威利仙/法多琳/旭原/安替/帕迪星/仁格多那/尼赛信/宣搏/加易尼/君普/维予清/通琦/莱美净/锋珠新
硝酸甘油控释口颊片,信舒
注射用抗乙肝转移因子,亿康宁
复方头孢克洛干混悬剂,熙蒙
甲磺酸瑞波西汀胶囊,叶洛抒
双嘧达莫缓释胶囊,爱克辛
氧(液态),Yang(Ye Tai)
西咪替丁氯化钠注射液,迈纬希/希卫宁/长富优舒
注射用天麻素,英通/灵津鸿/利锐敏/成静/伊丁来/优弗林
铝镁司片,捷安
茶碱葡萄糖注射液,安菲林/西弗林
奥沙普秦肠溶胶囊,诺碧松
复方醋酸曲安奈德溶液,安隆
盐酸丁咯地尔氯化钠注射液,步复迈
注射用哌拉西林钠舒巴坦钠,力可多/一君
甲磺酸左氧氟沙星片,特夫比克/利复星
酮康唑洗剂,采乐/敬宇
人用狂犬病疫苗(Vero细胞),武生旺宁
银黄颗粒,无
富马酸氯马斯汀口服溶液,泰威
注射用重组人干扰素γ,上生雷泰/伽玛
非洛地平缓释片,康宝得维
艾普拉唑肠溶片,壹丽安
盐酸吡格列酮胶囊,顿灵/瑞格临/安龙平/泰洛平/贝唐宁/倩尔
尼索地平胶丸,优得宁
法莫替丁咀嚼片,贝兰德
兰索拉唑片,兰悉多
门冬氨酸钙口服溶液,阿斯卡
对乙酰氨基酚混悬滴剂,泰诺林
米非司酮胶丸,含珠停
精氨洛芬颗粒,司百得
肌苷葡萄糖注射液,竹路/复力欣/彼迪甘
缬沙坦分散片,达乐/维尔坦/平欣
佐米曲普坦胶囊,林可舒/瑙瑞安
尼莫地平片,尼达尔/宝依恬/尼膜同
利福喷丁胶囊,明佳欣
聚乙二醇4000散,优赛乐/润可隆
富马酸喹硫平片,启维/舒思
复方消化酶胶囊(Ⅱ),千红怡美
注射用盐酸甲砜霉素甘氨酸酯,普施捷
米力农注射液,鲁南力康
盐酸关附甲素注射液,达芬齐芯
马来酸替加色罗片,常罗宁/泽马可/开乐宁
左羟丙哌嗪口服溶液,海王抒畅/可莉俞/可畅
复方异丙托溴铵气雾剂,可必特
复方聚乙二醇电解质散,恒康正清/和爽
齐多夫定口服溶液,克艾斯
硫酸茚地那韦片,又欣/欧直
复方对乙酰氨基酚片(Ⅱ),散利痛
醋甲唑胺片,尼目克司
二甲双胍格列本脲胶囊(Ⅰ),普乐康尼/泰比/拿迅/维夷/甘利可夫
尼扎替丁片,赛法雷/妮停
盐酸地尔硫卓片,合心爽/心泰
齐多夫定胶囊,奇洛克/费特/克艾斯/克度/纳信得/艾健
粉尘螨皮肤点刺诊断试剂盒,畅点
阿莫西林双氯西林钠片,维净
奥硝唑氯化钠注射液,圣诺安/奥立妥/妥苏/内德滋
单硝酸异山梨酯胶丸,舒必莱特
风湿痛药酒(风湿骨痛药酒),风湿痛药酒(风湿骨痛药酒)
氨酚待因片(Ⅰ),博那痛
注射用硫酸软骨素,欣奇思/伏旨平/安谱诺欣
注射用氯膦酸二钠,雅坤宇
多维元素片(29),善存
法罗培南钠片,高益/君迪/迪哌/蓓芙
聚维酮碘含漱液,怡速欣
坎地沙坦酯胶囊,伲利安/苏纳
盐酸特拉唑嗪片,马沙尼/高特灵/施艾特
盐酸二甲双胍片,格华止
阿莫西林克拉维酸钾(4:1)颗粒,安奇
罗红霉素缓释片,恒特
聚维酮碘药膜,艾妮亚
注射用硫普罗宁,凯西莱
注射用重组人白介素-2(I),赛迪恩
二氯乙酸二异丙胺片,博朗
氨酚氯宗分散片,鲁南贝特
阿莫西林咀嚼片,日奥/亚宝力可
盐酸西布曲明片,曲婷/浦秀/赛斯美/亭立/奥丽那
硫糖铝混悬液,迪先/舒可捷/速顺
甲磺酸帕珠沙星氯化钠注射液,派抒可/君可多/恒沐/齐若达/巴红/仁格多那/尼赛信/亚征利/宣搏/伏立特/米斯龙/敏星/佳乐同欣/诺君欣/莱美净/博信
单硝酸异山梨酯缓释胶囊,亚旭
西替伪麻缓释片,信甘宁/斯特蒙
拉呋替丁胶囊,赫克迪思/宁维舒/诺非
已酮可可碱葡萄糖注射液,天存
格列吡嗪分散片,元坦
酚麻美敏混悬液,泰诺
尼莫地平胶丸,恩通
L-门冬氨酸氨氯地平片,力斯得
肠内营养乳剂(TPF-T),瑞能
盐酸可乐定滴眼液,润瑞
克林霉素磷酸酯片,恪然福/容大
依托芬那酯乳膏,优迈
注射用低分子量肝素钙,立迈青
聚乙二醇电解质散剂,舒泰清
雷尼替丁氯化钠注射液,普而太
冻干重组人脑利钠肽,新活素/布罗纳泰
辣椒碱凝胶,欧通
对乙酰氨基酚口服液,安怡
地衣芽孢杆菌活菌颗粒,整肠生
氯化锶[89Sr]注射液,思通宁
盐酸奈福泮氯化钠注射液,福卢纳
西罗莫司口服溶液,宜欣可/瑞帕明/赛莫司
盐酸地尔硫缓释胶囊,迪尔松
那格列奈片,常泰/唐力/贝加/齐复/唐那/唐易/参可欣/拉姆/菲戈纳/万苏欣/丹平/迪方/唐瑞/锡瑞/可宾/凯舒
氧氟沙星片,贝立德/赞诺欣/延华星/奥复星/泰利必妥
盐酸纳洛酮注射液,苏诺
马来酸替加色罗胶囊,开乐宁
盐酸左氧氟沙星氯化钠注射液,来弗斯/莱沃幸/爱兴/希普克定/左克/恒奥/赛世克/来氟斯/海力健/长富宜泰/迪诺新/莱美兴/得尔夫星/瑞科沙/沙严隆/金裕星/强普信/优普罗康/清康
复方维生素B12软膏Ⅰ号,郁海香
肠内营养乳剂(TP-HE),瑞高
复方双氯芬酸钠注射液,蒙洛英
氢溴酸右美沙芬缓释片,倍克尔
盐酸金刚乙胺口服溶液,立安
注射用重组人干扰素α2b,莱福隆/复力生/长生扶康/英特龙/远策素/利分能/安达芬/隆化诺/尤尼隆/凯孚
维A酸片,艾力可片
盐酸托烷司琼葡萄糖注射液,和太
注射用盐酸吉西他滨,誉捷/泽菲
复方莪术油栓,康妇特
盐酸地尔硫缓释片,恬尔新
布洛芬软胶囊,倍得芬
流感病毒裂解疫苗,适普利尔/御感宁/安尔来福
加替沙星片,天坤/嘉迪福/奎尔泰/福奇/先奎莎/澳莱克/诺丽尔/悦博/凯泽/利欧/辰正/恒森
依西美坦胶囊,如苏美/依斯坦/澳奇
布洛芬凝胶,琴福
喷昔洛韦乳膏,丽科爽/可由/丹普乐/丽珠君乐/夫坦
枸橼酸铁铵泡腾颗粒,复锐明
茶碱氯化钠注射液,比川
伏格列波糖片,倍欣
氢溴酸西酞普兰胶囊,多弗
克拉霉素缓释胶囊,康婷
马来酸依那普利分散片,埃利雅
螺旋霉素片,法罗
阿司匹林维生素C泡腾片,阿西乐
盐酸洛美沙星眼用凝胶,卓悦
石杉碱甲片,忆诺/双益平
盐酸贝尼地平片,元治
尿多酸肽注射液,喜滴克
多种微量元素注射液(Ⅰ),派达益儿
塞曲司特片,荃康诺/麦须佳
注射用拉氧头孢钠,噻吗灵
马来酸咪达唑仑片,多美康/力月西
阿司匹林散,施泰乐
奥卡西平片,万仪/仁澳
琥珀酰明胶注射液,佳乐施/长源雪安
左羟丙哌嗪颗粒,佐派欣
双氯芬酸二乙胺凝胶,仕象
注射用还原型谷胱甘肽,绿汀诺/阿拓莫兰
氢醌乳膏,千白
酚美愈伪麻口服溶液,润通百服咛
盐酸丁丙诺啡注射液,沙菲
布洛伪麻缓释片,敢宁
氯化钾葡萄糖注射液,博普
注射用盐酸左氧氟沙星,易路美/林源方欣/丽珠强派/妥佳
骨肽氯化钠注射液,唛金沥
单硝酸异山梨酯葡萄糖注射液,丰诺/狄苏尼/奇豪/科尔乐/赛达林/千新
盐酸安普乐定滴眼液,辰泽
碳酸钙片,凯方/协达利
重组人干扰素α2b注射液(假单胞菌),安福隆
盐酸左氧氟沙星分散片,泉盈
硝呋太尔制霉素阴道软胶囊,朗依/水青
高三尖杉酯碱氯化钠注射液,华普乐/扶尔/高瑞特/川山宁/沃汀/金诺星
谷丙甘氨酸片,普罗司泰
乳杆菌活菌胶囊(阴道用),定君生
人绒毛膜促性腺激素诊断试剂(胶体金法),孕友
双歧杆菌活菌胶囊,丽珠肠乐
阿昔洛韦分散片,阿特米安
氨酚伪麻胶囊,达风/哌斯克
青霉素V钾颗粒剂,凯莱立克
氢溴酸加兰他敏片,金康灵力/奇尔能/慧敏/力益临
罗格列酮片,圣奥/爱能
注射用重组改构人肿瘤坏死因子,天恩福
泛影葡胺注射液,安其格纳芬
盐酸特比萘芬溶液,顺峰康宁
盐酸维拉帕米缓释胶囊,奥地迈尔/诺富生
注射用谷氨酸钠,未美
氨酚伪麻滴剂,时美百服咛
匹多莫德散,得畅
转化糖电解质注射液,海斯维/田力
那氟沙星软膏,依尤宁
复方阿魏酸钠阿司匹林胶囊,利脉
阿托伐他汀钙胶囊,尤佳
布洛芬口服混悬液,翔宇赛可
利多卡因气雾剂,利舒卡
托卡朋片,森得宁
复方卡比多巴片,西莱美
蒙脱石散剂,肯特令
盐酸氨溴索氯化钠注射液,维可莱
盐酸米托蒽醌葡萄糖注射液,泽康
异福酰胺片,伊缇碧/菲苏/戴菲林/费宁/瑞清/匹律/维葆/依比福
美洛昔康分散片,奈邦
茶碱缓释片,葆乐辉
注射用重酒石酸长春瑞滨,泰宾/乐唯
卡络磺钠注射液,太司能/苏孛特/乐卡宁/迪卡咛
注射用重组人干扰素α2b(假单胞菌),安福隆
复方氨基酸注射液(18AA-Ⅱ),乐凡命
盐酸赖氨酸注射液,镇通
复方雷尼替丁片,易双必
阿比多尔分散片,再立克
盐酸托烷司琼片,齐琼
辅酶Q10片,能气朗
乙酰谷酰胺葡萄糖注射液,梦清/一培/忆明/迈洛苏/爱立苏/德益芬/丹诺/云可舒
